timestamp, distance1, distance2, distance3, distance4, distance5, linearVelocity, angularVelocity, axialPower, turnPower
00:00:35,72.571,117.57,553.355,456.543,444.955,4.757,0.002,0.528,0,
00:00:35,69.556,114.733,524.72,428.875,434.179,4.755,0.002,0.528,0,
00:00:36,63.974,107.624,490.182,395.179,408.879,4.766,0.002,0.535,0,
00:00:36,60.227,102.927,456.844,362.341,375.493,4.817,0.001,0.544,0,
00:00:36,55.951,433.371,374.567,328.341,340.617,4.868,0.001,0.547,0,
00:00:36,51.355,398.078,340.442,294.243,305.472,4.898,0.001,0.548,0,
00:00:36,389.322,368.094,311.362,265.112,275.368,4.912,0,0.547,0,
00:00:36,356.596,337.236,281.31,243.6,244.055,4.927,-0,0.549,-0,
00:00:36,326.619,308.258,252.416,253.737,212.992,4.843,-0.003,0.487,-0.002,
00:00:36,297.312,278.326,269.311,220.634,177.534,4.314,-0.008,0.352,-0.002,
00:00:36,276.634,255.512,244.282,193.01,196.349,3.356,-0.011,0.21,-0.003,
00:00:37,268.174,243.245,228.921,222.576,174.919,2.41,-0.013,0.141,-0.003,
00:00:37,270.652,240.007,221.645,211.874,161.007,1.806,-0.014,0.15,-0.004,
00:00:37,280.145,241.792,218.516,205.01,198.764,1.704,-0.014,0.213,-0.004,
00:00:37,293.247,245.095,216.167,198.749,189.25,1.966,-0.014,0.277,-0.003,
00:00:37,312.527,251.249,215.537,193.872,181.166,2.369,-0.014,0.329,-0.003,
00:00:37,294.242,257.984,214.193,187.995,172.167,2.74,-0.014,0.356,-0.003,
00:00:37,269.512,265.742,213.221,182.669,164.137,3.009,-0.014,0.381,-0.003,
00:00:37,268.615,264.997,214.99,179.154,157.665,3.222,-0.014,0.378,-0.003,
00:00:37,315.038,233.506,220.544,176.957,151.601,3.202,-0.013,0.327,-0.003,
00:00:38,346.466,209.675,226.846,177.17,147.932,2.979,-0.012,0.272,-0.003,
00:00:38,325.932,226.195,198.648,184.392,148.818,2.618,-0.012,0.248,-0.003,
00:00:38,309.006,292.681,175.19,189.836,152.054,2.42,-0.012,0.25,-0.003,
00:00:38,295.904,296.374,168.186,167.324,160.076,2.362,-0.012,0.261,-0.003,
00:00:38,284.333,281.064,215.89,146.963,160.196,2.385,-0.013,0.276,-0.003,
00:00:38,274.283,267.426,268.873,135.188,137.762,2.477,-0.013,0.3,-0.003,
00:00:38,262.596,251.777,249.083,190.896,112.839,2.648,-0.013,0.324,-0.003,
00:00:38,250.463,235.9,229.529,230.307,140.57,2.861,-0.013,0.356,-0.003,
00:00:38,294.754,221.47,211.795,209.015,212.685,3.106,-0.014,0.387,-0.003,
00:00:39,286.845,207.869,195.757,190.448,191.071,3.335,-0.013,0.408,-0.003,
00:00:39,277.557,246.371,176.868,169.191,167.015,3.498,-0.013,0.4,-0.003,
00:00:39,269.346,233.068,158.291,148.76,144.452,3.536,-0.013,0.39,-0.003,
00:00:39,263.293,221.222,140.569,129.653,123.801,3.493,-0.013,0.381,-0.003,
00:00:39,260.779,211.713,182.863,112.441,105.542,3.425,-0.013,0.36,-0.003,
00:00:39,261.58,203.575,170.876,151.185,88.297,3.21,-0.013,0.3,-0.003,
00:00:39,273.789,203.051,165.354,143.13,129.645,2.885,-0.013,0.267,-0.003,
00:00:39,305.148,209.2,162.922,136.814,121.089,2.662,-0.013,0.286,-0.003,
00:00:40,697.278,223.709,164.514,133.294,114.969,2.693,-0.013,0.314,-0.003,
00:00:40,667.608,248.796,169.372,131.414,110.087,2.714,-0.013,0.279,-0.003,
00:00:40,595.806,300.311,181.119,132.541,107.076,2.541,-0.013,0.263,-0.003,
00:00:40,577.069,632.987,210.745,141.826,109.379,2.512,-0.013,0.294,-0.003,
00:00:40,514.893,561.315,265.977,157.825,114.678,2.678,-0.013,0.338,-0.003,
00:00:40,441.592,540.077,595.386,183.973,123.626,3.008,-0.012,0.401,-0.003,
00:00:40,389.749,474.593,523.241,219.734,135.693,3.401,-0.01,0.457,-0.002,
00:00:40,368.796,451.252,495.342,555.397,148.667,3.896,-0.006,0.508,-0.001,
00:00:40,341.687,423.867,466.015,522.679,160.237,4.309,-0.003,0.531,-0,
00:00:41,309.537,392.885,435,490.558,514.229,4.571,0,0.536,0,
00:00:41,274.643,359.864,403.02,458.783,481.709,4.701,0.002,0.535,0.001,
00:00:41,279.397,324.629,369.114,425.43,447.956,4.754,0.002,0.532,0.001,
00:00:41,295.275,311.609,341.264,398.069,420.307,4.751,0.003,0.518,0.001,
00:00:41,271.095,309.961,308.593,366.194,388.348,4.63,0.004,0.483,0.001,
00:00:41,236.575,277.871,278.263,337.204,359.963,4.401,0.005,0.447,0.002,
00:00:41,229.489,251.207,253.267,313.808,337.615,4.17,0.007,0.418,0.002,
00:00:41,225.709,223.042,276.18,290.504,316.539,3.899,0.01,0.394,0.003,
00:00:41,198.606,198.924,255.314,272.604,302.257,3.662,0.012,0.367,0.003,
00:00:42,178.001,229.38,240.273,260.563,294.367,3.418,0.013,0.328,0.003,
00:00:42,160.49,214.82,228.538,252.317,291.505,3.161,0.014,0.316,0.004,
00:00:42,192.037,201.391,218.688,247.46,295.282,3.048,0.015,0.346,0.004,
00:00:42,176.942,189.308,210.405,245.179,304.818,3.2,0.015,0.401,0.004,
00:00:42,163.904,179.18,204.445,246.732,323.467,3.564,0.015,0.466,0.004,
00:00:42,152.486,170.042,199,248.962,346.48,3.944,0.014,0.506,0.003,
00:00:42,138.616,158.512,191.884,252.784,387.565,4.317,0.014,0.525,0.003,
00:00:42,127.704,149.538,187.239,260.962,366.403,4.518,0.013,0.528,0.003,
00:00:42,116.045,140.237,184.247,280.951,332.092,4.55,0.013,0.473,0.003,
00:00:43,109.383,136.651,189.706,313.39,401.661,4.288,0.013,0.411,0.003,
00:00:43,106.267,139.784,213.672,281.545,375.3,3.782,0.014,0.316,0.004,
00:00:43,112.227,159.452,261.448,352.158,404.217,3.088,0.015,0.244,0.004,
00:00:43,130.481,210.67,237.058,333.066,392.652,2.638,0.016,0.263,0.004,
00:00:43,163.656,224.416,317,370.62,388.401,2.623,0.016,0.326,0.004,
00:00:43,210.919,204.693,301.28,360.759,437.953,2.925,0.015,0.409,0.004,
00:00:43,187.626,281.007,334.499,351.023,437.11,3.461,0.015,0.498,0.004,
00:00:43,255.607,256.429,315.291,390.693,434.14,4.178,0.014,0.573,0.003,
00:00:43,229.01,281.755,295.807,377.352,427.666,4.722,0.013,0.611,0.003,
00:00:44,246.126,254.225,324.576,359.822,417.899,5.151,0.012,0.616,0.003,
00:00:44,220.119,230.428,304.946,344.208,409.35,5.348,0.012,0.625,0.003,
00:00:44,194.514,258.779,284.788,327.677,481.119,5.485,0.011,0.622,0.003,
00:00:44,216.698,233.479,261.697,308.33,736.359,5.509,0.011,0.601,0.003,
00:00:44,194.722,212.596,242.187,291.641,685.255,5.376,0.01,0.553,0.003,
00:00:44,175.66,194.473,225.472,278.286,641.358,5.07,0.01,0.486,0.003,
00:00:44,156.271,176.273,209.444,362.623,594.626,4.496,0.011,0.398,0.003,
00:00:44,142.911,164.993,202.42,592.416,554.581,3.916,0.012,0.366,0.003,
00:00:44,135.736,160.461,203.77,554.003,477.327,3.65,0.013,0.386,0.003,
00:00:44,129.57,157.999,550.918,514.196,447.886,3.69,0.012,0.449,0.003,
00:00:45,123.4,155.463,505.718,478.938,420.329,4.049,0.01,0.524,0.002,
00:00:45,114.72,502.466,465.003,396.749,392.076,4.552,0.007,0.589,0.001,
00:00:45,185.325,455.541,425.325,362.264,360.708,5.06,0.005,0.636,0.001,
00:00:45,460.257,415.988,390.307,330.259,330.255,5.421,0.003,0.661,0,
00:00:45,417.458,378.437,355.978,297.825,298.493,5.695,0.001,0.667,-0,
00:00:45,371.862,336.614,316.247,258.843,259.139,5.714,-0.003,0.573,-0.002,
00:00:45,338.3,303.164,282.413,272.057,222.295,4.878,-0.009,0.344,-0.003,
00:00:45,324.392,284.6,260.556,247.183,194.091,3.629,-0.014,0.224,-0.004,
00:00:46,332.427,282.95,252.538,234.462,225.186,2.699,-0.017,0.198,-0.005,
00:00:46,290.351,295.852,255.312,230.709,216.428,2.302,-0.018,0.24,-0.005,
00:00:46,319.343,286.55,265.376,232.111,211.981,2.355,-0.018,0.294,-0.005,
00:00:46,335.99,265.491,281.715,238.269,212.014,2.575,-0.018,0.339,-0.004,
00:00:46,310.809,301.127,249.512,248.231,214.451,2.916,-0.018,0.407,-0.004,
00:00:46,332.234,296.415,238.09,237.292,216.785,3.619,-0.012,0.529,-0.002,
00:00:46,308.807,269.711,237.812,201.996,211.977,4.236,-0.007,0.553,-0.001,
00:00:46,278.613,236.836,227.979,165.38,185.657,4.491,-0.006,0.488,-0.002,
00:00:46,254.037,209.836,220.616,159.337,145.692,4.298,-0.01,0.416,-0.003,
00:00:46,227.466,226.742,186.525,164.584,123.22,3.884,-0.013,0.367,-0.003,
00:00:47,204.565,202.026,156.839,164.865,130.401,3.402,-0.014,0.276,-0.004,
00:00:47,187.213,181.638,176.599,137.82,146.987,2.718,-0.014,0.195,-0.004,
00:00:47,176.283,167.87,165.009,118.589,124.035,2.056,-0.015,0.125,-0.004,
00:00:47,170.949,159.564,153.987,153.287,107.988,1.491,-0.015,0.101,-0.004,
00:00:47,227.402,155.753,147.44,144.127,136.116,1.227,-0.015,0.127,-0.004,
00:00:47,234.249,154.366,143.19,137.417,136.065,1.3,-0.014,0.18,-0.004,
00:00:47,241.423,209.6,137.802,129.793,126.29,1.62,-0.014,0.251,-0.003,
00:00:47,248.005,209.094,130.616,120.726,115.491,2.099,-0.013,0.311,-0.003,
00:00:48,253.049,206.464,178.956,109.64,103.155,2.567,-0.012,0.351,-0.003,
00:00:48,258.283,202.753,171.155,152.076,89.901,2.936,-0.012,0.374,-0.003,
00:00:48,264.307,197.753,161.903,140.675,75.37,3.149,-0.012,0.369,-0.003,
00:00:48,275.636,193.328,152.439,129.064,114.932,3.234,-0.012,0.367,-0.003,
00:00:48,305.896,194.82,146.181,119.891,104.302,3.217,-0.013,0.339,-0.003,
00:00:48,392.186,209.045,145.515,114.262,96.473,3.048,-0.014,0.313,-0.004,
00:00:48,539.013,251.902,154.071,113.455,91.998,2.968,-0.015,0.338,-0.004,
00:00:48,613.157,383.383,180.89,120.772,92.761,3.113,-0.016,0.387,-0.004,
00:00:48,644.424,495.495,239.1,135.533,96.618,3.439,-0.015,0.447,-0.004,
00:00:49,728.346,565.902,407.485,166.409,106.588,3.915,-0.014,0.521,-0.003,
00:00:49,765.905,589.232,439.184,227.612,124.63,4.45,-0.012,0.574,-0.003,
00:00:49,856.358,613.007,502.56,362.216,154.721,4.904,-0.01,0.606,-0.002,
00:00:49,949.083,636.517,518.107,371.784,206.57,5.238,-0.008,0.624,-0.002,
00:00:49,989.212,662.267,488.73,339.077,272.441,5.429,-0.007,0.627,-0.001,
00:00:49,349.105,631.064,502.292,397.065,304.72,5.526,-0.005,0.621,-0.001,
00:00:49,944.944,654.824,472.184,365.346,271.324,5.543,-0.004,0.618,-0.001,
00:00:49,1033.888,621.681,436.353,376.015,277.582,5.564,-0.005,0.621,-0.001,
00:00:49,990.023,643.581,451.116,339.043,289.606,5.565,-0.006,0.615,-0.002,
00:00:50,999.065,670.18,418.002,303.47,252.068,5.527,-0.006,0.605,-0.002,
00:00:50,989.7,701.889,437.789,318.122,264.064,5.467,-0.007,0.599,-0.002,
00:00:50,994.434,738.86,460.615,334.857,229.542,5.426,-0.007,0.6,-0.002,
00:00:50,980.891,720.428,486.137,303.523,244.58,5.426,-0.006,0.608,-0.002,
00:00:50,684.374,827.535,462.783,327.241,216.48,5.468,-0.006,0.618,-0.002,
00:00:50,512.558,813.701,491.766,296.944,233.381,5.539,-0.006,0.627,-0.001,
00:00:50,476.625,799.431,582.336,321.73,254.595,5.608,-0.006,0.641,-0.001,
00:00:50,377.454,854.321,558.759,344.512,223.094,5.756,-0.006,0.666,-0.002,
00:00:50,342.634,850.39,540.55,374.259,246.843,5.888,-0.007,0.674,-0.002,
00:00:51,301.527,851.324,647.822,403.635,268.354,5.989,-0.007,0.678,-0.002,
00:00:51,262.328,856.348,635.36,437.089,292.493,6,-0.007,0.687,-0.002,
00:00:51,223.936,419.649,692.916,415.501,320.051,6,-0.006,0.695,-0.001,
00:00:51,238.536,372.798,679.665,513.956,348.329,6,-0.005,0.703,-0.001,
00:00:51,201.699,328.961,663.461,492.347,323.438,6,-0.004,0.718,-0.001,
00:00:51,170.782,293.449,643.205,470.322,300.392,6,-0.003,0.729,-0,
00:00:51,185.77,254.068,613.555,442.283,330.164,6,-0.001,0.714,0,
00:00:51,151.096,216.712,571.616,407.418,356.381,6,0.001,0.702,0,
00:00:52,166.169,687.111,524.173,369.818,324.133,6,0.001,0.7,0,
00:00:52,137.05,631.679,483.973,338.025,296.86,6,0.001,0.713,0,
00:00:52,102.275,576.673,441.937,367.283,266.285,6,-0.001,0.731,-0.001,
00:00:52,772.886,534.377,406.511,336.267,237.606,6,-0.002,0.728,-0.001,
00:00:52,733.063,500.38,375.206,307.603,209.944,6,-0.004,0.719,-0.001,
00:00:52,691.259,478.414,350.629,283.516,244.195,6,-0.005,0.696,-0.002,
00:00:52,647.62,465.85,330.304,262.025,222.748,6,-0.006,0.667,-0.002,
00:00:52,653.26,466.013,315.479,244.057,204.06,5.931,-0.007,0.632,-0.002,
00:00:52,758.599,484.202,306.814,229.657,188.075,5.667,-0.008,0.571,-0.002,
00:00:53,719.889,539.649,309.048,221.233,176.456,5.301,-0.009,0.54,-0.002,
00:00:53,738.008,505.273,322.829,219.775,170.522,5.094,-0.009,0.542,-0.002,
00:00:53,753.749,470.846,353.478,222.791,166.345,5.011,-0.009,0.557,-0.002,
00:00:53,724.224,622.585,416.37,235.348,167.581,5.062,-0.009,0.578,-0.002,
00:00:53,744.698,587.091,399.917,255.019,171.235,5.182,-0.008,0.599,-0.002,
00:00:53,716.071,599.659,359.803,291.264,181.923,5.336,-0.008,0.62,-0.002,
00:00:53,686.687,612.824,512.615,328.163,196.068,5.565,-0.007,0.669,-0.001,
00:00:53,653.973,576.103,472.01,284.658,215.374,5.902,-0.006,0.709,-0.001,
00:00:53,618.174,537.339,430.21,240.464,243.219,6,-0.005,0.731,-0.001,
00:00:54,587.68,553.821,442.937,274.612,210.429,6,-0.006,0.745,-0.001,
00:00:54,557.116,521.457,408.018,359.01,171.307,6,-0.006,0.745,-0.001,
00:00:54,521.258,483.829,367.629,316.182,183.63,6,-0.006,0.729,-0.002,
00:00:54,492.369,453.219,383.206,281.005,261.819,6,-0.007,0.684,-0.002,
00:00:54,459.874,418.358,345.379,288.503,241.61,5.957,-0.008,0.643,-0.002,
00:00:54,433.563,389.978,364.417,255.48,209.614,5.835,-0.008,0.622,-0.002,
00:00:54,403.804,358.147,330.796,267.599,216.012,5.673,-0.008,0.61,-0.002,
00:00:54,438.312,326.175,297.723,232.539,179.175,5.525,-0.008,0.58,-0.002,
00:00:54,415.325,297.537,267.922,250.594,194.03,5.231,-0.009,0.518,-0.003,
00:00:55,400.7,273.81,242.289,223.362,213.187,4.84,-0.011,0.489,-0.003,
00:00:55,394.811,257.067,223.445,203.057,191.408,4.612,-0.011,0.476,-0.003,
00:00:55,397.153,241.775,205.007,182.766,169.525,4.378,-0.012,0.45,-0.003,
00:00:55,412.073,310.274,189.209,164.861,150.105,4.181,-0.013,0.441,-0.003,
00:00:55,449.322,316.072,177.447,150.4,134.042,4.11,-0.013,0.463,-0.003,
00:00:55,516.908,330.102,248.009,137.547,119.73,4.228,-0.012,0.502,-0.003,
00:00:55,632.393,350.376,247.516,124.149,105.393,4.447,-0.011,0.529,-0.003,
00:00:55,811.912,372.907,246.906,188.838,92.435,4.632,-0.01,0.549,-0.002,
00:00:55,1008.762,407.024,248.92,183.292,148.623,4.814,-0.009,0.568,-0.002,
00:00:56,1074.62,449.281,248.836,175.761,139.131,4.985,-0.008,0.583,-0.002,
00:00:56,1040.223,528.608,251.161,168.059,129.228,5.142,-0.007,0.59,-0.002,
00:00:56,1008.539,677.135,254.987,160.062,119.281,5.24,-0.007,0.594,-0.002,
00:00:56,1025.224,875.36,267.246,154.881,111.42,5.303,-0.007,0.598,-0.002,
00:00:56,1043.119,837.04,294.587,153.746,106.199,5.352,-0.006,0.602,-0.002,
00:00:56,1014.016,896.525,343.235,155.007,102.112,5.379,-0.006,0.594,-0.002,
00:00:56,593.955,861.69,450.963,161.194,99.985,5.314,-0.007,0.575,-0.002,
00:00:56,505.303,877.282,726.755,187.765,106.632,5.211,-0.007,0.565,-0.002,
00:00:56,434.552,896.946,690.024,241.704,119.678,5.16,-0.008,0.573,-0.002,
00:00:57,385.007,873.708,756.1,340.858,140.969,5.181,-0.007,0.585,-0.002,
00:00:57,338.483,847.54,722.866,619.658,180.967,5.268,-0.007,0.607,-0.001,
00:00:57,307.047,466.788,742.166,591.372,230.268,5.401,-0.005,0.625,-0.001,
00:00:57,278.7,409.778,707.067,649.01,301.433,5.547,-0.003,0.637,-0,
00:00:57,257.325,372.278,669.43,610.034,373.597,5.661,-0.002,0.643,-0,
00:00:57,239.529,344.826,630.368,571.07,436.167,5.726,-0,0.642,0,
00:00:57,228.41,677.189,595.574,537.054,446.731,5.747,0.001,0.641,0,
00:00:57,215.733,632.468,554.012,497.009,406.758,5.754,0.002,0.639,0,
00:00:57,206.373,588.149,513.217,458.01,368.023,5.746,0.002,0.637,0.001,
00:00:58,199.63,542.786,471.479,418.101,328.316,5.739,0.002,0.637,0.001,
00:00:58,543.251,504.485,436.164,384.252,294.517,5.733,0.002,0.636,0.001,
00:00:58,493.496,459.921,394.881,344.496,256.385,5.729,0.003,0.636,0.001,
00:00:58,451.915,422.471,311.737,310.738,257.211,5.727,0.003,0.636,0.001,
00:00:58,403.943,378.968,271.045,271.018,255.542,5.728,0.003,0.636,0.001,
00:00:58,356.939,286.55,230.571,231.254,239.231,5.726,0.002,0.636,0.001
00:00:03,308.877,407.862,532.077,639.694,223.518,1.478,0.003,0.346,0.001,
00:00:03,294.041,472.934,520.391,630.287,211.525,2.333,0.004,0.383,0.001,
00:00:03,271.715,455.617,550.246,614.894,195.33,2.941,0.004,0.394,0.001,
00:00:03,263.758,436.477,533.267,600.231,180.28,3.288,0.004,0.435,0.001,
00:00:03,299.309,413.698,512.47,581.441,167.083,3.72,0.004,0.502,0.001,
00:00:03,345.685,434.27,486.711,557.207,153.473,4.253,0.003,0.546,0,
00:00:03,366.224,407.121,508.721,530.723,242.32,4.597,0.001,0.559,0,
00:00:03,337.431,379.084,480.653,501.759,230.435,4.784,0,0.549,0,
00:00:03,307.727,350.061,451.472,471.499,221.198,4.832,0.001,0.536,0,
00:00:03,273.637,317.015,418.666,437.96,474.223,4.811,0.002,0.53,0.001,
00:00:04,277.637,337.003,391.249,410.374,445.704,4.782,0.003,0.527,0.001,
00:00:04,263.937,309.098,364.241,383.551,418.449,4.774,0.004,0.533,0.001,
00:00:04,229.638,276.418,332.728,352.379,386.994,4.785,0.005,0.528,0.001,
00:00:04,241.496,245.028,302.657,322.845,357.56,4.656,0.006,0.472,0.002,
00:00:04,214.101,264.733,275.862,297.4,333.581,4.353,0.008,0.437,0.002,
00:00:04,186.114,239.235,252.391,275.952,379.517,4.079,0.01,0.417,0.003,
00:00:04,214.094,221.357,236.572,262.6,374.336,3.918,0.012,0.414,0.003,
00:00:04,195.11,204.641,222.251,251.54,375.283,3.858,0.014,0.435,0.004,
00:00:04,175.845,188.092,208.999,312.605,388.453,3.989,0.015,0.48,0.004,
00:00:05,158.429,173.143,197.485,315.998,413.947,4.258,0.014,0.519,0.004,
00:00:05,143.337,159.744,256.852,320.972,445.809,4.49,0.014,0.531,0.003,
00:00:05,127.607,145.749,254.428,334.3,509.846,4.576,0.013,0.511,0.003,
00:00:05,111.942,202.168,253.863,355.594,625.073,4.628,0.012,0.535,0.003,
00:00:05,163.172,197.138,258.898,394.458,629.923,4.836,0.012,0.582,0.003,
00:00:05,154.185,192.4,266.567,456.347,737.322,5.135,0.011,0.618,0.002,
00:00:05,144.965,187.451,277.071,563.712,750.042,5.402,0.01,0.632,0.002,
00:00:05,140.671,188.266,298.233,529.054,719.616,5.538,0.009,0.634,0.002,
00:00:05,135.8,190.618,336.813,569.163,782.665,5.63,0.009,0.636,0.002,
00:00:06,136.604,203.847,427.021,593.111,799.989,5.693,0.009,0.644,0.002,
00:00:06,142.409,230.255,411.802,603.977,820.635,5.78,0.009,0.659,0.002,
00:00:06,153.809,271.389,375.374,571.819,845.901,5.876,0.008,0.672,0.002,
00:00:06,171.834,337.857,477.005,631.118,866.691,6,0.006,0.69,0.001,
00:00:06,192.829,299.785,441.32,598.48,839.112,6,0.005,0.705,0.001,
00:00:06,219.005,256.487,399.892,608.638,855.956,6,0.004,0.706,0.001,
00:00:06,220.238,213.728,406.719,569.091,819.411,6,0.004,0.679,0.001,
00:00:06,181.919,321.551,371.497,535.44,788.774,5.988,0.004,0.651,0.001,
00:00:06,139.779,281.089,332.703,498.939,811.75,5.773,0.005,0.587,0.001,
00:00:07,206.855,242.025,295.249,515.674,840.729,5.446,0.006,0.563,0.001,
00:00:07,207.503,254.372,359.352,484.877,876.191,5.241,0.005,0.561,0.001,
00:00:07,171.6,219.907,326.43,507.308,914.236,5.093,0.005,0.526,0.001,
00:00:07,186.176,187.61,346.037,480.317,900.121,4.687,0.006,0.431,0.002,
00:00:07,161,163.413,324.285,517.728,960.11,4.213,0.007,0.392,0.002,
00:00:07,135.153,236.819,354.528,559.879,967.885,3.838,0.007,0.392,0.002,
00:00:07,210.833,217.506,337.898,667.327,977.447,3.765,0.007,0.435,0.002,
00:00:07,187.648,245.489,372.369,779.999,987.653,3.966,0.006,0.482,0.001,
00:00:08,163.382,222.125,351.459,771.791,992.986,4.224,0.005,0.509,0.001,
00:00:08,187.029,248.991,385.231,826.45,997.015,4.457,0.005,0.527,0.001,
00:00:08,160.877,223.557,420.479,819.411,589.763,4.631,0.006,0.538,0.001,
00:00:08,188.377,254.975,520.961,814.634,555.497,4.759,0.006,0.554,0.001,
00:00:08,162.298,284.206,625.249,810.34,461.413,4.934,0.006,0.579,0.002,
00:00:08,187.262,315.659,612.082,809.357,423.661,5.115,0.006,0.594,0.002,
00:00:08,213.344,349.214,664.637,809.168,387.423,5.249,0.006,0.595,0.001,
00:00:08,191.323,388.321,655.167,809.397,355.584,5.276,0.006,0.586,0.002,
00:00:08,221.512,490.841,648.699,817.512,320.849,5.277,0.006,0.589,0.002,
00:00:09,310.472,477.427,645.29,832.112,285.684,5.328,0.006,0.614,0.001,
00:00:09,346.233,526.286,637.403,840.368,250.594,5.514,0.005,0.647,0.001,
00:00:09,382.897,508.41,622.721,283.433,215.217,5.733,0.003,0.673,0.001,
00:00:09,361.642,487.052,600.737,355.097,184.222,5.917,0.002,0.688,0,
00:00:09,395.561,460.079,570.456,781.761,198.089,6,0.001,0.695,0,
00:00:09,372.707,434.386,540.198,744.046,166.86,6,0.001,0.691,0,
00:00:09,344.884,402.9,502.748,696.526,130.573,6,0.001,0.688,0,
00:00:09,318.138,372.594,466.651,650.676,192.927,6,0.001,0.686,0,
00:00:09,292.289,343.169,431.364,605.329,156.737,6,0.001,0.684,0,
00:00:10,265.1,312.136,394.018,557.085,708.573,5.978,0.002,0.64,0.001,
00:00:10,242.523,287.59,366.923,528.889,669.914,5.732,0.004,0.589,0.001,
00:00:10,224.796,270.026,351.407,525.874,631.341,5.46,0.006,0.573,0.002,
00:00:10,208.929,255.179,341.036,515.679,594.569,5.284,0.006,0.556,0.002,
00:00:10,197.905,246.999,342.32,474.947,607.074,5.018,0.008,0.507,0.002,
00:00:10,192.949,248.074,362.723,438.093,575,4.773,0.009,0.51,0.002,
00:00:10,191.844,255.868,402.381,498.161,544.039,4.74,0.009,0.539,0.002,
00:00:10,191.914,266.867,376.913,463.709,514.653,4.852,0.008,0.561,0.002,
00:00:10,195.525,285.432,338.221,477,484.239,4.992,0.008,0.576,0.002,
00:00:11,204.047,311.808,363.315,442.561,502.657,5.119,0.007,0.586,0.002,
00:00:11,220.629,270.109,358.907,408.181,472.12,5.201,0.008,0.586,0.002,
00:00:11,240.41,228.925,321.019,373.995,442.032,5.255,0.009,0.595,0.002,
00:00:11,196.547,286.108,332.468,340.789,412.943,5.344,0.009,0.612,0.002,
00:00:11,198.91,246.355,296.16,307.31,383.579,5.477,0.01,0.633,0.003,
00:00:11,210.488,256.055,260.954,326.028,355.338,5.625,0.011,0.642,0.003,
00:00:11,169.499,218.042,225.304,293.856,325.93,5.616,0.011,0.588,0.003,
00:00:11,181.001,183.905,192.86,264.957,299.81,5.139,0.012,0.444,0.003,
00:00:12,156.475,161.107,224.122,247.43,285.842,4.312,0.013,0.3,0.004,
00:00:12,135.096,141.632,209.226,236.648,282.212,3.261,0.015,0.234,0.004,
00:00:12,120.84,182.891,203.417,237.253,295.356,2.682,0.016,0.253,0.004,
00:00:12,162.505,178.099,203.856,247.099,299.547,2.564,0.016,0.286,0.004,
00:00:12,158.029,177.978,211.029,269.199,270.709,2.567,0.017,0.294,0.004,
00:00:12,156.036,180.651,222.513,266.168,306.76,2.688,0.017,0.34,0.004,
00:00:12,157.305,189.131,246.489,236.347,323.641,3.032,0.016,0.406,0.004,
00:00:12,158.869,198.419,224.329,264.73,302.508,3.427,0.015,0.453,0.004,
00:00:12,164.591,205.023,190.742,280.344,326.332,3.82,0.015,0.473,0.004,
00:00:13,177.317,171.971,218.948,255.223,305.688,4.036,0.015,0.478,0.004,
00:00:13,146.494,147.103,228.51,275.488,282.708,4.141,0.014,0.447,0.004,
00:00:13,112.802,201.55,198.018,249.228,260.538,3.879,0.015,0.372,0.004,
00:00:13,165.013,173.595,221.933,229.071,297.428,3.581,0.015,0.371,0.004,
00:00:13,149.692,196.057,199.929,210.481,285.796,3.523,0.015,0.404,0.004,
00:00:13,127.229,176.154,182.574,195.649,277.631,3.638,0.015,0.432,0.004,
00:00:13,151.144,154.669,163.446,235.962,269.929,3.816,0.015,0.452,0.004,
00:00:13,131.13,136.328,146.595,224.443,263.605,3.948,0.015,0.46,0.004,
00:00:13,108.925,115.42,184.271,211.634,257.737,4.032,0.014,0.457,0.004,
00:00:14,87.766,149.735,168.492,199.554,254.123,4.122,0.014,0.48,0.003,
00:00:14,122.248,134.509,154.73,188.86,252.136,4.251,0.013,0.497,0.003,
00:00:14,106.578,119.48,140.803,177.972,252.215,4.367,0.013,0.504,0.003,
00:00:14,89.624,102.873,125.183,166.301,583.944,4.478,0.012,0.508,0.003,
00:00:14,74.335,87.275,109.708,153.957,550.11,4.46,0.012,0.473,0.003,
00:00:14,61.687,74.353,97.283,147.128,519.334,4.342,0.013,0.469,0.003,
00:00:14,48.104,60.082,83.376,143.282,439.736,4.321,0.012,0.483,0.003,
00:00:14,36.91,48.132,72.315,464.152,411.133,4.226,0.012,0.432,0.003,
00:00:14,27.129,37.516,63.942,431.837,385.427,3.996,0.013,0.416,0.003,
00:00:15,20.853,31.261,66.445,356.098,363.093,3.914,0.012,0.448,0.003,
00:00:15,16.943,28.141,378.116,330.576,331.028,4.112,0.009,0.509,0.002,
00:00:15,372.398,353.345,346.153,301.152,289.858,4.47,0.004,0.552,-0,
00:00:15,338.681,321.025,314.193,268.608,279.675,4.743,-0.004,0.55,-0.002,
00:00:15,313.736,294.663,285.967,238.012,245.692,4.797,-0.01,0.524,-0.003,
00:00:15,291.801,269.041,256.812,253.001,208.237,4.591,-0.015,0.424,-0.004,
00:00:15,280.426,252.83,236.726,229.095,180.531,3.941,-0.018,0.271,-0.005,
00:00:15,281.183,246.415,225.394,213.659,209.126,2.953,-0.019,0.145,-0.005,
00:00:15,300.042,252.203,223.376,206.081,196.823,2.013,-0.019,0.126,-0.005,
00:00:16,342.643,272.46,231.99,207.476,192.951,1.623,-0.02,0.164,-0.005,
00:00:16,421.704,308.822,249.595,214.908,193.858,1.733,-0.02,0.251,-0.005,
00:00:16,413.167,370.804,278.453,228.489,198.851,2.248,-0.019,0.356,-0.005,
00:00:16,471.99,391.646,320.383,247.151,206.27,3.003,-0.018,0.476,-0.004,
00:00:16,491.621,439.649,375.517,268.937,214.56,4.008,-0.014,0.618,-0.003,
00:00:16,461.237,417.229,333.626,286.012,218.474,5.009,-0.011,0.683,-0.002,
00:00:16,427.352,402.836,314.466,305.037,221.83,5.579,-0.011,0.661,-0.003,
00:00:16,392.931,386.036,342.426,256.289,239.656,5.645,-0.013,0.601,-0.003,
00:00:16,415.771,354.526,306.021,256.463,230.014,5.436,-0.014,0.554,-0.003,
00:00:17,389.551,321.77,316.036,271.441,195.264,5.087,-0.014,0.504,-0.004,
00:00:17,369.056,344.347,283.88,282.498,240.551,4.686,-0.014,0.469,-0.004,
00:00:17,353.874,323.251,256.931,251.209,204.83,4.475,-0.014,0.484,-0.003,
00:00:17,340.942,304.404,282.697,223.122,221.147,4.403,-0.014,0.476,-0.003,
00:00:17,331.283,288.427,262.449,198.34,193.325,4.371,-0.013,0.494,-0.003,
00:00:17,322.646,274.387,245.167,227.827,170.552,4.431,-0.013,0.497,-0.003,
00:00:17,313.815,258.694,225.882,206.012,194.795,4.331,-0.013,0.439,-0.003,
00:00:17,313.073,249.79,213.176,190.985,177.874,4.05,-0.013,0.393,-0.003,
00:00:17,321.079,243.931,201.614,176.375,161.103,3.749,-0.013,0.385,-0.003,
00:00:18,701.16,244.116,194.073,165.222,147.748,3.646,-0.013,0.407,-0.003,
00:00:18,658.255,249.566,189.172,156.132,136.447,3.658,-0.012,0.399,-0.003,
00:00:18,621.277,263.458,187.107,148.566,126.375,3.599,-0.013,0.396,-0.003,
00:00:18,541.127,611.994,193.302,145.951,120.167,3.623,-0.013,0.416,-0.003,
00:00:18,517.564,579.11,204.936,146.335,116.549,3.725,-0.013,0.436,-0.003,
00:00:18,492.416,496.411,566.655,150.873,114.614,3.853,-0.013,0.445,-0.003,
00:00:18,469.934,466.473,526.645,164.066,116.993,3.97,-0.013,0.465,-0.003,
00:00:18,400.152,437.387,489.286,508.787,125.235,4.156,-0.012,0.498,-0.003,
00:00:18,301.796,410.015,407.576,467.057,494.466,4.431,-0.01,0.543,-0.002,
00:00:19,253.239,381.48,375.019,428.787,448.529,4.749,-0.008,0.574,-0.001,
00:00:19,225.13,349.983,341.471,343.554,406.753,4.998,-0.004,0.583,-0,
00:00:19,211.084,313.993,305.653,306.826,367.697,5.106,0,0.561,0.001,
00:00:19,214.384,282.311,275.395,277.025,337.637,4.971,0.003,0.496,0.001,
00:00:19,226.935,252.019,247.079,249.774,311.16,4.413,0.006,0.322,0.002,
00:00:19,232.57,223.254,221.115,225.813,289.823,3.163,0.01,0.137,0.003,
00:00:19,209.652,204.346,205.388,263.049,281.991,1.906,0.013,0.047,0.004,
00:00:19,195.694,194.178,198.676,261.855,286.795,1.114,0.015,0.049,0.004,
00:00:20,188.046,190.202,249.192,269.124,302.511,0.854,0.016,0.096,0.004,
00:00:20,183.504,188.807,253.35,279.452,322.474,0.988,0.016,0.163,0.004,
00:00:20,179.063,239.322,260.277,295.079,353.007,1.428,0.016,0.255,0.004,
00:00:20,222.204,238.106,265.138,309.708,386.405,2.212,0.014,0.39,0.003,
00:00:20,213.162,232.821,265.356,319.756,362.165,3.033,0.012,0.44,0.003,
00:00:20,204.54,227.14,264.386,328.171,334.132,3.514,0.012,0.462,0.003,
00:00:20,194.034,219.973,263.146,328.253,354.089,3.885,0.012,0.476,0.003,
00:00:20,183.811,213.281,263.544,289.467,321.513,4.115,0.012,0.481,0.003,
00:00:20,176.82,211.022,271.869,257.175,290.211,4.181,0.013,0.452,0.003,
00:00:20,173.027,212.824,238.928,273.708,291.973,4.052,0.013,0.417,0.003,
00:00:21,176.139,220.341,203.138,242.618,335,3.817,0.014,0.385,0.003,
00:00:21,185.73,182.318,220.967,214.64,311.473,3.55,0.014,0.346,0.003,
00:00:21,168.129,157.002,196.831,290.003,294.723,3.313,0.014,0.335,0.003,
00:00:21,140.209,181.233,175.687,272.006,280.468,3.196,0.013,0.35,0.003,
00:00:21,142.896,158.647,237.995,255.518,267.364,3.232,0.013,0.38,0.003,
00:00:21,137.837,133.555,229.798,236.833,305.084,3.394,0.013,0.4,0.003,
00:00:21,113.998,208.018,210.744,220.327,293.43,3.508,0.013,0.408,0.003,
00:00:21,113.893,184.558,190.017,202.138,281.367,3.561,0.013,0.386,0.003,
00:00:21,164.03,166,173.35,242.166,272.423,3.461,0.013,0.358,0.003,
00:00:22,142.347,146.347,155.438,229.181,264.131,3.205,0.013,0.303,0.003,
00:00:22,124.503,130.018,195.345,219.759,260.181,2.943,0.012,0.307,0.003,
00:00:22,109.04,115.64,184.806,212.516,259.269,2.939,0.011,0.356,0.003,
00:00:22,92.515,153.992,172.525,203.146,256.455,3.234,0.011,0.419,0.003,
00:00:22,127.441,139.437,159.268,192.493,252.947,3.6,0.01,0.445,0.003,
00:00:22,110.49,122.937,143.457,178.718,246.908,3.79,0.01,0.431,0.003,
00:00:22,97.054,109.752,130.846,168.308,246.316,3.789,0.011,0.408,0.003,
00:00:22,82.708,95.662,117.667,159.1,257.651,3.637,0.012,0.365,0.003,
00:00:23,71.719,85.432,109.752,160.234,314.404,3.346,0.014,0.326,0.004,
00:00:23,64.556,80.075,109.81,183.543,615.581,3.158,0.015,0.346,0.004,
00:00:23,60.511,78.625,117.305,245.582,1059.195,3.22,0.016,0.389,0.004,
00:00:23,59.278,83.019,145.872,686.414,1141.322,3.479,0.016,0.429,0.004,
00:00:23,63.092,99.487,253.307,1013.059,694.759,3.746,0.016,0.464,0.004,
00:00:23,78.581,154.022,792.001,1145.064,484.661,4.116,0.015,0.538,0.003,
00:00:23,112.885,340.477,1005,625.145,384.054,4.691,0.011,0.618,0.002,
00:00:23,169.024,726.175,1025.917,494.87,330.66,5.259,0.007,0.662,0.001,
00:00:23,253.649,880.115,1042.907,425.563,295.754,5.663,0.004,0.676,0.001,
00:00:24,346.84,840.535,1006.152,383.655,271.397,5.879,0.002,0.673,0,
00:00:24,423.208,805.704,971.653,356.947,253.84,5.945,0,0.663,-0,
00:00:24,479.521,765.633,930.462,336.894,239.344,5.927,-0.001,0.65,-0,
00:00:24,520.605,772.442,887.193,318.501,224.944,5.863,-0.001,0.64,-0,
00:00:24,497.672,732.201,844.49,305.009,213.406,5.799,-0.002,0.635,-0,
00:00:24,464.143,650.044,807.964,294.659,203.897,5.746,-0.002,0.629,-0.001,
00:00:24,431.921,617.007,772.104,290.308,197.621,5.696,-0.003,0.625,-0.001,
00:00:24,399.032,583.204,735.045,293.327,194.999,5.657,-0.004,0.623,-0.001,
00:00:24,361.593,544.864,644.498,304.942,195.358,5.635,-0.004,0.625,-0.001,
00:00:25,324.058,506.938,603.285,671.859,198.844,5.638,-0.004,0.627,-0.001,
00:00:25,284.836,468.079,513.918,626.108,203.75,5.631,-0.003,0.622,-0.001,
00:00:25,245.421,429.724,474.434,583.73,332.544,5.602,-0.002,0.617,-0,
00:00:25,214.746,396.765,441.297,549.204,579.587,5.559,-0,0.605,0,
00:00:25,223.105,357.259,402.311,509.612,538.081,5.449,0.001,0.583,0.001,
00:00:25,239.645,319.369,365.506,473.157,500.873,5.292,0.003,0.562,0.001,
00:00:25,266.571,281.377,377.076,437.616,465.327,5.11,0.004,0.532,0.001,
00:00:25,253.269,294.634,344.038,406.207,434.805,4.845,0.005,0.485,0.002,
00:00:25,218.25,262.07,313.587,377.894,408.04,4.494,0.006,0.446,0.002,
00:00:26,234.59,232.077,285.715,352.479,384.601,4.198,0.007,0.433,0.002,
00:00:26,204.915,252.808,309.986,329.901,364.383,4.06,0.008,0.443,0.002,
00:00:26,177.112,227.188,286.981,309.072,346.245,4.039,0.009,0.44,0.002,
00:00:26,202.044,254.853,268.146,292.272,332.262,3.931,0.01,0.397,0.003,
00:00:26,178.88,234.741,250.779,278.243,392.21,3.602,0.012,0.337,0.003,
00:00:26,208.592,219.074,238.287,270.194,399.011,3.222,0.013,0.307,0.003,
00:00:26,196.692,209.623,231.916,268.648,414.825,3.004,0.013,0.307,0.003,
00:00:26,186.493,201.841,227.473,343.584,438.893,2.92,0.013,0.324,0.003,
00:00:26,176.574,194.764,224.746,357.679,480.983,2.965,0.012,0.344,0.003,
00:00:27,166.814,187.677,295.281,375.889,539.586,3.063,0.011,0.361,0.003,
00:00:27,157.967,181.434,301.331,400.879,627.107,3.233,0.011,0.394,0.003,
00:00:27,151.23,247.153,309.132,430.042,717.795,3.448,0.01,0.429,0.002,
00:00:27,142.603,246.661,319.455,473.622,685.882,3.747,0.009,0.471,0.002,
00:00:27,200.073,245.522,330.689,531.031,799.847,4.16,0.009,0.538,0.002,
00:00:27,194.618,245.103,345.115,614.547,816.662,4.628,0.008,0.582,0.002,
00:00:27,188.577,244.48,363.178,599.591,784.091,4.982,0.008,0.593,0.002,
00:00:27,183.955,246.794,392.978,578.661,848.116,5.152,0.008,0.58,0.002,
00:00:27,184.423,256.318,442.097,673.054,870.11,5.14,0.008,0.56,0.002,
00:00:28,187.696,274.132,500.688,637,841.65,5.059,0.008,0.55,0.002,
00:00:28,196.46,305.497,461.378,650.93,864.366,4.992,0.008,0.547,0.002,
00:00:28,209.368,349.313,512.446,720.623,390.572,4.968,0.008,0.552,0.002,
00:00:28,232.379,401.637,538.116,690.141,334.973,4.994,0.007,0.565,0.002,
00:00:28,269.92,362.851,551.227,709.605,290.09,5.075,0.007,0.579,0.002,
00:00:28,318.658,383.023,516.358,729.141,256.585,5.176,0.006,0.597,0.001,
00:00:28,294.431,430.92,480.863,697.901,230.572,5.378,0.005,0.638,0.001,
00:00:28,253.642,392.265,541.126,714.562,207.345,5.629,0.004,0.661,0.001,
00:00:28,273.718,358.049,508.326,683.423,189.475,5.774,0.003,0.657,0.001,
00:00:29,321.672,365.003,468.437,644.747,264.218,5.869,0.003,0.674,0,
00:00:29,285.662,330.033,482.573,609.804,245.958,5.993,0.001,0.687,0,
00:00:29,244.004,289.044,441.104,566.636,953.139,6,0,0.678,0,
00:00:29,224.306,248.062,399.724,523.713,851.835,5.924,0.001,0.623,0.001,
00:00:29,209.902,304.241,360.244,484.15,813.781,5.658,0.003,0.581,0.001,
00:00:29,177.092,272.548,329.279,454.088,845.555,5.371,0.004,0.538,0.001,
00:00:29,141.424,238.122,295.849,475.557,822.411,5.009,0.005,0.499,0.001,
00:00:29,205.157,206.894,316.06,448.63,805.721,4.656,0.006,0.47,0.002,
00:00:29,175.001,226.543,288.662,479.91,856.882,4.425,0.006,0.467,0.002,
00:00:30,195.207,199.842,263.285,516.569,852.31,4.315,0.006,0.472,0.002,
00:00:30,168.681,223.779,291.652,557.706,850.778,4.312,0.006,0.487,0.001,
00:00:30,141.226,197.183,266.195,660.973,847.553,4.391,0.006,0.504,0.001,
00:00:30,167.284,175.018,299.817,649.088,844.979,4.477,0.005,0.513,0.001,
00:00:30,140.881,200.059,331.121,633.94,840.529,4.557,0.005,0.517,0.001,
00:00:30,114.244,173.627,306.459,684.525,835.864,4.613,0.005,0.521,0.001,
00:00:30,141.063,203.685,343.493,672.185,831.156,4.656,0.005,0.525,0.001,
00:00:30,114.177,176.71,378.489,656.429,824.143,4.702,0.005,0.531,0.001,
00:00:31,138.732,205.098,478.878,641.495,818.761,4.754,0.005,0.536,0.001,
00:00:31,113.578,179.751,458.785,626.714,813.908,4.8,0.004,0.54,0.001,
00:00:31,139.949,210.607,437.593,610.525,807.665,4.833,0.004,0.542,0.001,
00:00:31,114.308,242.737,482.457,592.663,799.61,4.864,0.004,0.545,0.001,
00:00:31,142.528,277.213,461.45,573.662,789.688,4.898,0.004,0.551,0.001,
00:00:31,175.609,316.94,442.667,555.838,778.529,4.936,0.004,0.556,0.001,
00:00:31,151.597,293.339,419.516,532.855,761.821,4.985,0.003,0.561,0.001,
00:00:31,182.268,268.539,394.371,506.539,739.263,5.025,0.003,0.562,0.001,
00:00:31,217.921,247.384,372.577,483.131,717.999,5.014,0.003,0.549,0.001,
00:00:32,194.729,286.97,346.57,454.859,692.165,4.962,0.003,0.544,0.001,
00:00:32,175.491,267.094,324.825,431.105,671.06,4.921,0.003,0.539,0.001,
00:00:32,154.124,245.405,301.446,406.669,655.332,4.863,0.004,0.527,0.001,
00:00:32,193.961,226.456,282.334,390.578,656.242,4.775,0.005,0.515,0.002,
00:00:32,180.162,212.783,269.841,384.683,627.604,4.659,0.006,0.487,0.002,
00:00:32,168.105,201.513,261.406,388.763,598.478,4.486,0.008,0.466,0.002,
00:00:32,159.121,194.347,259.74,410.241,612.554,4.321,0.008,0.456,0.002,
00:00:32,151.73,189.582,263.255,453.103,641.043,4.233,0.009,0.465,0.002,
00:00:32,147.038,188.59,274.505,529.446,617.006,4.244,0.009,0.482,0.002,
00:00:32,143.376,190.365,296.569,495.544,636.958,4.334,0.008,0.499,0.002,
00:00:33,141.367,195.709,334.426,493.155,609.936,4.452,0.008,0.513,0.002,
00:00:33,143.883,210.243,413.531,527,583.822,4.568,0.009,0.526,0.002,
00:00:33,149.798,234.953,401.636,543.975,607.619,4.691,0.009,0.542,0.002,
00:00:33,161.73,274.503,371.774,518.132,586.586,4.805,0.008,0.556,0.002,
00:00:33,180.757,342.626,433.01,487.835,561.545,4.95,0.008,0.573,0.002,
00:00:33,217.048,303.359,397.492,456.432,534.985,5.083,0.008,0.583,0.002,
00:00:33,274.188,269.852,412.23,426.443,509.409,5.195,0.008,0.595,0.002,
00:00:33,233.436,325.07,377.456,444.76,480.483,5.304,0.007,0.605,0.002,
00:00:34,205.599,288.077,342.676,412.232,449.541,5.38,0.006,0.599,0.001,
00:00:34,253.521,300.634,308.813,380.114,418.394,5.28,0.006,0.546,0.002,
00:00:34,217.391,266.748,276.471,349.936,389.687,4.941,0.008,0.487,0.002,
00:00:34,234.001,237.756,300.478,326.278,369.197,4.592,0.01,0.47,0.003,
00:00:34,205.56,211.488,277.438,305.999,353.075,4.407,0.01,0.471,0.003,
00:00:34,179.889,187.493,256.704,288.022,339.802,4.277,0.01,0.441,0.003,
00:00:34,159.499,220.058,240.614,274.611,331.526,3.955,0.011,0.343,0.003,
00:00:34,194.653,208.269,231.496,269.78,331.245,3.306,0.012,0.224,0.003,
00:00:34,183.794,200.563,228.333,274.718,298.116,2.442,0.014,0.158,0.004,
00:00:35,181.288,202.572,237.703,298.55,293.623,1.923,0.015,0.175,0.004,
00:00:35,183.16,210.401,256.309,270.767,352.793,1.858,0.015,0.228,0.004,
00:00:35,186.323,219.947,272.359,266.33,334.827,2.039,0.015,0.27,0.004,
00:00:35,194.176,238.129,243.068,327.228,364.812,2.351,0.015,0.32,0.004,
00:00:35,204.055,238.354,240.734,306.302,349.024,2.694,0.015,0.368,0.004,
00:00:35,219.069,208.732,294.67,319.237,332.914,3.077,0.014,0.414,0.003,
00:00:35,190.934,217.085,265.201,309.002,313.565,3.515,0.014,0.456,0.003,
00:00:35,169.005,243.11,272.524,284.151,342.932,3.857,0.013,0.457,0.003,
00:00:35,205.37,215.422,260.002,263.83,327.3,3.917,0.014,0.429,0.003,
00:00:36,191.32,233.809,233.975,241.484,310.64,3.854,0.014,0.418,0.003,
00:00:36,172.216,206.013,209.606,271.427,295.225,3.824,0.013,0.432,0.003,
00:00:36,180.475,180.94,187.107,253.333,281.261,3.915,0.013,0.458,0.003,
00:00:36,153.013,155.733,214.941,233.881,265.321,4.068,0.012,0.472,0.003,
00:00:36,127.565,131.727,193.719,214.677,249.212,4.137,0.011,0.455,0.003,
00:00:36,103.532,159.495,172.979,195.439,232.729,4.069,0.011,0.43,0.003,
00:00:36,130.016,138.223,152.483,175.985,215.803,3.753,0.011,0.338,0.003,
00:00:36,115.773,124.779,139.916,164.935,208.566,3.286,0.011,0.267,0.003,
00:00:36,102.044,111.957,128.323,155.839,206.357,2.646,0.012,0.193,0.003,
00:00:37,93.937,105.22,123.859,156.296,220.842,1.985,0.013,0.103,0.003,
00:00:37,91.359,104.538,126.658,167.092,570.213,1.384,0.014,0.059,0.004,
00:00:37,91.651,108.074,136.73,194.088,549.565,0.949,0.014,0.074,0.004,
00:00:37,95.829,117.228,157.078,554.639,487.723,0.92,0.014,0.129,0.003,
00:00:37,101.684,130.15,188.713,534.908,478.016,1.205,0.014,0.205,0.003,
00:00:37,109.117,147.607,534.871,469.983,421.438,1.818,0.012,0.333,0.003,
00:00:37,114.317,162.568,512.575,454.19,410.341,2.624,0.009,0.455,0.001,
00:00:37,116.41,512.875,490.471,436.031,394.843,3.463,0.005,0.521,0.001,
00:00:37,113.105,480.363,461.427,409.264,369.143,4.171,0.002,0.544,0,
00:00:38,479.944,446.493,429.604,378.382,338.109,4.55,0.001,0.542,0,
00:00:38,443.246,412.59,348.8,346.395,305.516,4.705,0,0.535,0,
00:00:38,406.139,378.044,315.537,313.356,271.678,4.754,-0,0.534,-0,
00:00:38,376.569,349.81,336.137,285.204,279.968,4.749,-0.003,0.51,-0.001,
00:00:38,347.027,320.005,305.5,253.001,257.026,4.482,-0.007,0.417,-0.003,
00:00:38,328.679,299.59,283.134,228.29,229.767,4.006,-0.01,0.353,-0.003,
00:00:38,316.405,282.989,263.19,253.17,203.192,3.502,-0.012,0.331,-0.003,
00:00:38,312.822,272.872,248.67,234.969,181.239,3.24,-0.014,0.337,-0.004,
00:00:38,319.252,269.338,239.208,221.185,211.668,3.19,-0.016,0.368,-0.004,
00:00:39,334.203,271.645,234.825,212.48,199.555,3.337,-0.016,0.417,-0.004,
00:00:39,355.147,275.488,230.744,203.831,187.647,3.643,-0.016,0.474,-0.004,
00:00:39,389.93,282.026,226.284,193.858,174.189,4.112,-0.015,0.535,-0.003,
00:00:39,386.967,289.563,220.836,182.968,160.345,4.597,-0.013,0.582,-0.003,
00:00:39,348.837,300.38,215.262,171.8,146.647,4.98,-0.012,0.602,-0.003,
00:00:39,362.379,320.291,213.286,163.601,136.043,5.233,-0.013,0.626,-0.003,
00:00:39,376.617,287.695,215.056,154.897,123.982,5.453,-0.013,0.616,-0.004,
00:00:39,345.125,251.737,233.742,155.301,118.986,5.387,-0.014,0.558,-0.004,
00:00:39,361.202,310.264,219.082,168.194,119.555,4.966,-0.016,0.445,-0.004,
00:00:40,337.217,279.73,183.961,190.242,137.56,4.216,-0.017,0.352,-0.004,
00:00:40,321.128,305.511,252.031,157.989,165.089,3.54,-0.017,0.291,-0.004,
00:00:40,368.275,293.377,234.603,208.596,140.775,3.066,-0.017,0.284,-0.004,
00:00:40,368.147,284.367,269.233,215.181,120.068,2.9,-0.016,0.328,-0.004,
00:00:40,372.404,331.473,256.407,245.77,195.057,3.145,-0.015,0.425,-0.004,
00:00:40,376.812,326.204,242.767,228.218,173.523,3.612,-0.014,0.456,-0.004,
00:00:40,381.768,320.189,283.123,209.746,200.087,3.909,-0.014,0.478,-0.003,
00:00:40,389.344,316.531,273.666,194.821,182.987,4.145,-0.013,0.502,-0.003,
00:00:40,399.614,311.422,261.631,231.635,162.616,4.347,-0.013,0.493,-0.003,
00:00:41,421.542,311.09,252.583,218.18,197.301,4.372,-0.013,0.489,-0.003,
00:00:41,751.416,313.555,245.924,207.476,184.267,4.395,-0.012,0.489,-0.003,
00:00:41,706.064,321.532,240.384,196.714,170.865,4.31,-0.012,0.441,-0.003,
00:00:41,618.606,703.33,240.556,189.83,160.807,4.038,-0.012,0.41,-0.003,
00:00:41,586.33,658.673,249.179,187.906,154.589,3.874,-0.011,0.423,-0.003,
00:00:41,557.539,619.733,266.331,189.742,150.926,3.883,-0.011,0.433,-0.003,
00:00:41,532.36,537.087,609.476,196.662,149.794,3.764,-0.012,0.382,-0.004,
00:00:41,487.412,511.841,574.369,220.09,158.53,3.602,-0.014,0.385,-0.004,
00:00:41,350.106,486.41,490.361,560.369,176.716,3.621,-0.014,0.429,-0.003,
00:00:42,331.219,463.901,460.461,520.463,550.11,3.878,-0.012,0.485,-0.002,
00:00:42,307.121,324.137,431.126,435.915,505.434,4.227,-0.008,0.52,-0.001,
00:00:42,276.842,267.3,401.712,403.666,468.498,4.474,-0.003,0.511,0,
00:00:42,250.209,267.412,374.579,376.661,440.847,4.432,0.003,0.454,0.002,
00:00:42,213.884,321.433,344.03,348.524,415.194,4.103,0.008,0.398,0.003,
00:00:42,206.247,319.321,317.461,325.453,396.779,3.794,0.01,0.384,0.003,
00:00:42,271.79,295.457,297.098,358.318,384.323,3.632,0.011,0.384,0.003,
00:00:42,273.113,270.074,275.377,341.41,372.327,3.568,0.011,0.4,0.003,
00:00:42,246.646,247.289,255.725,326.694,362.723,3.643,0.011,0.425,0.003,
00:00:43,221.006,224.703,287.03,311.93,353.317,3.792,0.012,0.449,0.003,
00:00:43,196.784,252.744,269.478,298.29,345.765,3.972,0.012,0.47,0.003,
00:00:43,173.547,232.801,252.443,285.166,339.489,4.152,0.012,0.491,0.003,
00:00:43,199.301,212.005,234.034,270.338,331.911,4.345,0.011,0.509,0.003,
00:00:43,178.72,193.195,217.41,257.511,327.97,4.391,0.011,0.467,0.003,
00:00:43,160.633,176.848,203.586,248.753,304.324,4.13,0.012,0.399,0.003,
00:00:43,147.586,165.551,195.251,247.086,275.611,3.751,0.013,0.331,0.004,
00:00:43,139.714,160.32,195.004,258.877,250.791,3.256,0.015,0.268,0.004,
00:00:43,136.415,160.965,203.843,242.098,278.755,2.807,0.015,0.249,0.004,
00:00:44,139.053,170.925,230.247,215.741,257.139,2.565,0.016,0.278,0.004,
00:00:44,145.749,188.93,203.235,243.087,240.027,2.624,0.016,0.321,0.004,
00:00:44,159.802,187.92,177.54,221.3,319.391,2.87,0.015,0.365,0.004,
00:00:44,170.49,158.887,201.473,200.287,303.87,3.176,0.015,0.407,0.004,
00:00:44,138.212,177.593,177.029,276.374,288.666,3.542,0.014,0.454,0.004,
00:00:44,131.798,150.669,150.485,254.208,323.348,3.916,0.014,0.492,0.003,
00:00:44,123.912,122,221.31,231.876,306.91,4.24,0.013,0.51,0.003,
00:00:44,96.489,192.524,198.076,210.545,290.273,4.369,0.012,0.49,0.003,
00:00:44,133.005,168.758,175.872,189.628,273.875,4.346,0.011,0.461,0.003,
00:00:45,144.093,147.252,155.379,226.559,258.619,4.112,0.011,0.386,0.003,
00:00:45,119.712,123.954,132.686,207.089,241.511,3.545,0.01,0.278,0.002,
00:00:45,101.637,106.62,115.817,194.045,231.678,2.795,0.01,0.205,0.002,
00:00:45,88.724,94.312,162.083,187.024,229.27,2.266,0.01,0.197,0.002,
00:00:45,77.831,83.851,154.93,182.51,230.558,2.044,0.009,0.215,0.002,
00:00:45,67.825,130.522,148.763,179.261,234.451,2.056,0.009,0.245,0.002,
00:00:45,58.4,123.047,142.421,175.358,237.501,2.175,0.009,0.269,0.002,
00:00:45,103.487,116.177,137.164,173.853,247.607,2.338,0.009,0.282,0.002,
00:00:46,94.53,107.973,130.494,171.471,261.547,2.415,0.01,0.261,0.003,
00:00:46,88.655,103.081,127.75,174.929,291.398,2.301,0.011,0.221,0.003,
00:00:46,83.809,100.011,128.832,189.06,376.52,2.097,0.012,0.21,0.003,
00:00:46,81.028,99.372,133.703,214.221,583.072,2.027,0.012,0.226,0.003,
00:00:46,79.442,101.297,145.855,275.328,913.109,2.107,0.012,0.265,0.003,
00:00:46,80.122,106.442,166.027,405.115,1141.775,2.335,0.012,0.317,0.003,
00:00:46,82.383,116.044,206.839,883.701,1230.143,2.759,0.011,0.382,0.003,
00:00:46,84.703,128.207,281.145,1054.532,742.022,3.241,0.01,0.437,0.002,
00:00:46,91.2,150.508,471.351,1081.758,580.804,3.73,0.008,0.491,0.002,
00:00:47,96.824,175.643,809.412,1156.748,500.186,4.176,0.006,0.524,0.001,
00:00:47,106.696,213.249,779.009,1133.194,450.055,4.488,0.005,0.536,0.001,
00:00:47,119.331,263.794,939.537,1106.937,414.896,4.678,0.004,0.541,0.001,
00:00:47,132.194,325.426,906.498,669.703,389.426,4.785,0.003,0.547,0.001,
00:00:47,148.434,407.487,922.678,612.593,368.419,4.884,0.002,0.558,0,
00:00:47,167.525,506.189,888.555,570.972,350.898,4.975,0.002,0.566,0,
00:00:47,183.999,589.226,858.987,545.558,338.853,5.046,0.001,0.572,0,
00:00:47,202.377,581.64,824.069,524.883,327.491,5.103,0,0.573,-0,
00:00:47,214.183,545.555,787.859,514.527,320.839,5.131,-0,0.572,-0,
00:00:48,228.191,509.547,751.504,876.003,313.181,5.137,-0,0.571,-0,
00:00:48,237.278,479.577,721.145,844.123,308.274,5.134,-0.001,0.57,-0,
00:00:48,244.714,443.634,684.691,805.753,304.311,5.128,-0.001,0.569,-0,
00:00:48,251.083,407.704,648.236,767.321,300.846,5.121,-0.001,0.568,-0,
00:00:48,256.542,371.776,611.801,728.892,297.774,5.116,-0.001,0.568,-0,
00:00:48,258.578,341.833,581.461,696.887,296.756,5.106,-0.001,0.565,-0,
00:00:48,260.397,310.866,550.159,663.943,415.155,5.094,-0.001,0.562,-0,
00:00:48,262.221,275.839,514.896,627.02,664.567,5.038,-0.001,0.541,0,
00:00:48,254.583,253.138,484.864,596.286,632.081,4.886,0.001,0.502,0.001,
00:00:49,219.129,314.6,452.3,564.604,600.387,4.594,0.004,0.46,0.001,
00:00:49,190.68,377.93,427.325,541.942,579.567,4.337,0.005,0.443,0.002,
00:00:49,184.017,347.135,399.284,517.456,558.181,4.138,0.006,0.439,0.002,
00:00:49,268.181,319.048,422.753,495.906,540.093,4.056,0.006,0.45,0.002,
00:00:49,292.941,339.598,397.831,473.983,521.053,4.118,0.006,0.482,0.001,
00:00:49,268.034,316.186,425.428,453.358,560.094,4.281,0.004,0.511,0.001,
00:00:49,237.565,286.596,396.452,424.079,530.604,4.5,0.002,0.531,0,
00:00:49,254.463,303.98,365.113,391.236,435.641,4.659,0.001,0.536,0,
00:00:49,223.377,272.847,332.995,356.981,397.712,4.743,0,0.533,-0,
00:00:50,195.332,244.651,303.752,325.62,362.76,4.762,-0,0.529,-0,
00:00:50,164.276,213.448,271.416,290.973,324.183,4.741,0,0.52,0,
00:00:50,184.268,185.346,242.484,260.172,290.153,4.702,0.001,0.516,0,
00:00:50,153.147,154.317,210.744,226.585,253.324,4.606,0.002,0.484,0.001
00:01:08,287.737,470.324,514.388,624.152,211.508,3.08,0.004,0.505,0.001,
00:01:08,263.736,447.794,493.972,605.981,197.361,3.794,0.004,0.517,0.001,
00:01:08,260.909,418.517,515.055,581.118,181.383,4.266,0.004,0.528,0.001,
00:01:08,294.482,390.837,488.905,556.218,275.849,4.505,0.003,0.532,0.001,
00:01:08,338.396,406.429,457.781,525.983,256.682,4.65,0.003,0.53,0.001,
00:01:08,332.878,374.158,426.502,495.129,238.102,4.707,0.002,0.528,0.001,
00:01:09,298.22,341.028,442.775,462.919,220.934,4.709,0.003,0.516,0.001,
00:01:09,264.642,309.011,411.875,432.336,469.961,4.653,0.003,0.508,0.001,
00:01:09,279.664,325.216,381.455,402.538,440.247,4.603,0.004,0.507,0.001,
00:01:09,247.359,294.715,352.457,374.341,412.485,4.593,0.005,0.513,0.001,
00:01:09,218.411,264.479,323.634,346.202,444.098,4.623,0.005,0.519,0.001,
00:01:09,232.098,282.99,294.978,318.12,418.166,4.627,0.006,0.505,0.002,
00:01:09,202.034,254.73,267.892,291.838,395.206,4.519,0.007,0.474,0.002,
00:01:09,225.532,231.823,246.17,271.194,379.103,4.324,0.009,0.438,0.003,
00:01:09,200.927,209.172,225.26,252.335,368.721,4.094,0.011,0.432,0.003,
00:01:10,181.738,191.498,209.079,238.183,364.17,4.021,0.011,0.442,0.003,
00:01:10,163.943,175.015,194.012,293.767,363.455,3.992,0.011,0.437,0.003,
00:01:10,144.933,157.391,178.114,287.579,370.481,3.939,0.012,0.432,0.003,
00:01:10,128.104,141.796,164.357,286.694,389.625,3.953,0.012,0.448,0.003,
00:01:10,111.88,126.418,225.058,289.026,421.697,3.948,0.012,0.418,0.003,
00:01:10,100.106,115.367,222.826,298.744,475.021,3.791,0.012,0.387,0.003,
00:01:10,88.645,177.934,226.424,324.81,607.015,3.594,0.012,0.378,0.003,
00:01:10,146.58,178.274,236.626,368.407,620.473,3.537,0.012,0.397,0.003,
00:01:10,144.316,181.052,253.2,443.336,741.867,3.608,0.012,0.426,0.003,
00:01:11,143.665,187.855,283.757,579.035,765.345,3.804,0.011,0.46,0.003,
00:01:11,145.964,200.2,334.757,547.456,838.323,4.054,0.01,0.492,0.002,
00:01:11,148.155,215.034,414.962,661.017,865.082,4.32,0.009,0.524,0.002,
00:01:11,156.763,243.806,489.577,678.974,893.135,4.615,0.008,0.56,0.002,
00:01:11,168.548,285.202,453.995,648.803,921.622,4.903,0.007,0.588,0.002,
00:01:11,185.216,344.728,561.125,713.384,388.02,5.149,0.006,0.605,0.001,
00:01:11,204.26,385.909,525.058,730.055,351.171,5.323,0.005,0.612,0.001,
00:01:11,229.482,345.754,487.567,696.203,444.529,5.412,0.005,0.607,0.001,
00:01:11,260.5,312.485,504.495,668.023,411.324,5.414,0.005,0.597,0.001,
00:01:12,280.988,403.528,467.83,684.534,374.581,5.384,0.005,0.595,0.001,
00:01:12,241.228,380.22,432.259,652.091,344.507,5.372,0.004,0.597,0.001,
00:01:12,202.29,343.006,493.993,670.029,315.32,5.356,0.004,0.587,0.001,
00:01:12,282.568,354.084,458.811,637.321,287.241,5.297,0.004,0.578,0.001,
00:01:12,277.33,323.325,429.287,609.689,263.79,5.248,0.004,0.576,0.001,
00:01:12,240.343,287.68,444.078,629.121,982.37,5.213,0.003,0.575,0.001,
00:01:12,221.32,252.992,410.114,596.19,953.081,5.191,0.003,0.574,0.001,
00:01:12,222.556,319.723,380.656,567.189,926.471,5.156,0.003,0.561,0.001,
00:01:12,193.276,291.131,352.28,539.536,962.093,5.077,0.003,0.549,0.001,
00:01:13,159.074,257.664,369.584,507.425,935.885,4.983,0.003,0.537,0.001,
00:01:13,223.002,274.986,338.975,533.381,914.595,4.869,0.004,0.522,0.001,
00:01:13,196.047,248.782,313.307,510.008,899.162,4.753,0.005,0.504,0.001,
00:01:13,166.268,219.857,337.413,542.908,886.985,4.566,0.005,0.465,0.002,
00:01:13,190.862,246.921,316.73,645.682,886.599,4.269,0.007,0.405,0.002,
00:01:13,169.737,227.382,354.038,702.467,900.27,3.861,0.009,0.358,0.002,
00:01:13,198.232,260.749,397.957,776.074,935.91,3.512,0.009,0.358,0.002,
00:01:13,183.298,248.388,509.458,794.253,547.704,3.415,0.009,0.379,0.002,
00:01:13,217.456,289.521,632.811,820.891,395.654,3.479,0.009,0.41,0.002,
00:01:14,201.653,333.622,703.506,849.047,364.767,3.687,0.008,0.452,0.002,
00:01:14,236.825,437.145,708.769,872.416,334.895,4.005,0.006,0.509,0.001,
00:01:14,272.501,544.015,706.985,884.619,306.565,4.466,0.004,0.575,0.001,
00:01:14,304.19,524.509,690.59,415.196,276.73,4.923,0.003,0.609,0,
00:01:14,334.827,500.166,665.375,381.706,247.525,5.263,0.001,0.629,0,
00:01:14,310.563,473.831,635.594,811.356,220.308,5.495,0.001,0.652,0,
00:01:14,337.377,504.521,598.981,765.581,239.34,5.733,0,0.67,-0,
00:01:14,361.428,469.503,557.362,712.299,206.235,5.962,-0,0.707,-0,
00:01:14,328.562,431.87,511.981,652.938,223.672,6,-0.001,0.744,-0,
00:01:15,301.427,400.656,474.2,603.264,195.137,6,-0.001,0.759,-0,
00:01:15,268.789,363.377,429.421,545.044,778.23,6,-0,0.763,-0,
00:01:15,236.665,327.078,386.288,489.85,698.267,6,-0,0.756,0,
00:01:15,260.805,292.985,346.226,439.429,627.382,6,0.001,0.733,0,
00:01:15,229.819,258.647,306.389,390.288,560.934,6,0.001,0.686,0.001,
00:01:15,200.817,226.976,270.417,347.479,507.534,5.912,0.003,0.616,0.001,
00:01:15,177.91,202.357,243.16,316.622,474.34,5.639,0.005,0.565,0.001,
00:01:15,154.795,178.001,217.152,289.664,455.67,5.233,0.006,0.516,0.002,
00:01:15,137.39,160.101,199.052,274.053,462.288,4.877,0.008,0.469,0.003,
00:01:16,122.704,146.231,187.987,274.807,498.578,4.394,0.011,0.401,0.003,
00:01:16,114.843,141.733,192.711,315.951,467.678,3.88,0.014,0.371,0.004,
00:01:16,114.869,149.386,223.255,447.282,538.115,3.658,0.015,0.408,0.004,
00:01:16,119.524,165.402,282.365,420.793,567.629,3.777,0.015,0.465,0.004,
00:01:16,127.763,192.057,401.429,493.165,552.047,4.091,0.014,0.526,0.003,
00:01:16,149.166,256.483,366.608,513.508,582.574,4.561,0.012,0.581,0.003,
00:01:16,180.461,336.919,429.103,486.349,563.309,5.025,0.011,0.628,0.002,
00:01:16,232.434,297.112,393.522,455.608,538.626,5.417,0.009,0.653,0.002,
00:01:16,269.166,359.286,410.715,477.643,513.955,5.661,0.007,0.666,0.001,
00:01:17,232.659,325.002,378.552,447.524,485.277,5.828,0.005,0.67,0.001,
00:01:17,209.98,284.138,339.15,409.229,447.048,5.879,0.005,0.643,0.002,
00:01:17,246.195,293.847,302.439,374.303,413.042,5.779,0.007,0.624,0.002,
00:01:17,206.193,256.205,266.36,340.54,380.779,5.655,0.008,0.597,0.002,
00:01:17,218.02,221.919,284.515,309.626,351.306,5.206,0.008,0.432,0.002,
00:01:17,189.563,195.146,260.281,287.294,331.814,3.964,0.01,0.204,0.003,
00:01:17,172.799,180.083,248.671,278.965,329.05,2.769,0.012,0.124,0.003,
00:01:17,162.508,224.677,247.113,284.118,346.541,1.901,0.014,0.133,0.004,
00:01:18,207.711,224.822,253.397,300.761,331.344,1.651,0.015,0.189,0.004,
00:01:18,208.106,230.62,267.717,331.023,336.229,1.837,0.015,0.258,0.004,
00:01:18,207.873,235.61,281.767,307.739,386.007,2.186,0.015,0.327,0.004,
00:01:18,209.647,244.534,304.446,300.818,360.277,2.805,0.014,0.414,0.003,
00:01:18,211.581,254.87,266.927,348.653,383.022,3.369,0.013,0.448,0.003,
00:01:18,215.918,252.516,254.341,315.984,356.459,3.786,0.013,0.479,0.003,
00:01:18,226.267,209.85,295.819,318.303,330.294,4.091,0.013,0.48,0.003,
00:01:18,187.061,215.492,260.033,302.258,304.7,4.002,0.013,0.373,0.003,
00:01:18,169.385,243.665,234.167,280.206,286.469,3.473,0.013,0.268,0.003,
00:01:19,203.073,214.919,258.205,260.358,321.237,2.819,0.014,0.24,0.003,
00:01:19,200.505,241.674,240.387,246.565,313.459,2.543,0.014,0.274,0.003,
00:01:19,177.485,222.064,224.541,284.925,307.602,2.607,0.013,0.32,0.003,
00:01:19,204.164,203.466,209.105,274.497,302.332,2.863,0.013,0.37,0.003,
00:01:19,183.029,185.269,244.276,264.056,297.144,3.227,0.012,0.421,0.003,
00:01:19,161.364,165.822,228.516,251.661,289.821,3.578,0.012,0.435,0.003,
00:01:19,139.573,196.263,211.872,238.035,281.322,3.716,0.012,0.418,0.003,
00:01:19,167.488,177.466,195.008,223.949,272.709,3.71,0.012,0.411,0.003,
00:01:19,151.787,163.027,182.037,213.406,267.664,3.701,0.011,0.397,0.003,
00:01:20,135.651,148.163,168.87,203.493,367.537,3.447,0.012,0.324,0.003,
00:01:20,124.373,138.045,160.576,199.126,607.5,3.167,0.012,0.314,0.003,
00:01:20,113.684,128.79,153.919,198.733,570.9,3.033,0.012,0.336,0.003,
00:01:20,103.704,120.105,148.012,200.758,539.503,3.062,0.011,0.334,0.003,
00:01:20,94.53,112.276,143.595,537.202,511.658,2.977,0.011,0.316,0.003,
00:01:20,88.949,108.846,145.921,504.581,439.419,2.931,0.011,0.331,0.003,
00:01:20,82.802,104.893,501.279,475.757,418.168,3.032,0.011,0.371,0.002,
00:01:20,78.362,103.009,467.304,449.127,397.3,3.342,0.009,0.431,0.002,
00:01:20,71.954,463.534,435.32,374.278,374.579,3.7,0.007,0.46,0.001,
00:01:21,65.556,426.836,404.233,347.272,350.183,3.965,0.006,0.475,0.001,
00:01:21,425.092,391.319,373.018,319.005,323.621,4.181,0.004,0.5,0.001,
00:01:21,391.366,361.502,345.63,293.017,298.097,4.365,0.002,0.515,-0,
00:01:21,355.62,328.542,314.166,262.017,266.6,4.518,-0.001,0.514,-0.001,
00:01:21,323.833,297.879,283.759,231.009,234.206,4.522,-0.005,0.49,-0.002,
00:01:21,297.853,271.072,255.843,249.409,202.39,4.304,-0.009,0.382,-0.003,
00:01:21,283.42,253.911,236.475,227.755,178.226,3.548,-0.013,0.228,-0.004,
00:01:21,282.427,247.172,225.842,213.884,209.164,2.772,-0.016,0.21,-0.004,
00:01:21,294.354,248.447,220.73,204.157,195.422,2.462,-0.017,0.29,-0.004,
00:01:22,316.795,255.385,219.504,197.731,185.002,2.792,-0.017,0.397,-0.004,
00:01:22,345.95,263.067,217.555,190.4,173.971,3.41,-0.016,0.486,-0.004,
00:01:22,385.742,271.001,213.88,181.194,161.428,4.076,-0.015,0.554,-0.004,
00:01:22,372.596,281.048,211.151,173.313,150.863,4.598,-0.014,0.601,-0.003,
00:01:22,334.317,296.48,206.818,162.588,137.382,5.113,-0.013,0.638,-0.003,
00:01:22,392.883,306.301,205.886,152.843,124.541,5.445,-0.015,0.631,-0.004,
00:01:22,355.035,262.372,228.102,153.752,118.676,5.474,-0.017,0.586,-0.005,
00:01:22,370.593,319.197,227.995,173.401,122.608,5.15,-0.018,0.484,-0.005,
00:01:23,346.381,287.259,190.623,196.371,146.342,4.52,-0.018,0.413,-0.004,
00:01:23,332.205,315.378,261.095,166.814,173.948,4.107,-0.018,0.393,-0.004,
00:01:23,374.328,296.293,284.113,233.081,139.812,3.808,-0.017,0.402,-0.004,
00:01:23,371.602,282.711,265.164,208.829,208.761,3.787,-0.016,0.44,-0.004,
00:01:23,370.986,327.367,249.859,238.003,186.008,3.958,-0.015,0.488,-0.004,
00:01:23,370.038,316.974,231.181,215.823,208.314,4.312,-0.014,0.541,-0.003,
00:01:23,368.484,306.912,270,196.255,186.539,4.626,-0.014,0.556,-0.003,
00:01:23,371.784,297.575,254.507,228.392,162.888,4.738,-0.014,0.521,-0.004,
00:01:23,387.94,294.185,242.87,212.29,193.779,4.715,-0.015,0.529,-0.004,
00:01:24,753.932,296.014,234.033,198.501,177.005,4.783,-0.014,0.546,-0.003,
00:01:24,708.683,301.934,228.265,188.089,164.18,4.822,-0.013,0.529,-0.003,
00:01:24,664.239,319.254,225.287,178.24,151.251,4.712,-0.013,0.499,-0.003,
00:01:24,576.572,647.274,231.806,173.649,142.276,4.587,-0.014,0.503,-0.003,
00:01:24,548.223,608.505,249.522,175.399,138.472,4.602,-0.014,0.524,-0.003,
00:01:24,518.106,520.097,588.528,185.363,138.657,4.734,-0.013,0.558,-0.003,
00:01:24,460.467,484.116,542.434,204.118,142.619,4.97,-0.012,0.595,-0.003,
00:01:24,330.134,448.67,451.239,518.302,152.672,5.248,-0.01,0.628,-0.002,
00:01:24,283.328,418.493,416.889,477.676,506.905,5.483,-0.008,0.651,-0.002,
00:01:25,252.184,387.364,383.113,439.661,462.889,5.697,-0.006,0.668,-0.001,
00:01:25,236.345,347.049,342.002,347.508,415.6,5.86,-0.001,0.659,0.001,
00:01:25,246.626,304.692,301.053,306.709,374.011,5.815,0.004,0.625,0.002,
00:01:25,278.891,268.887,267.419,323.56,342.735,5.683,0.007,0.605,0.002,
00:01:25,234.355,228.396,229.533,288.043,308.742,5.518,0.009,0.582,0.003,
00:01:25,198.935,196.001,199.114,259.902,282.163,5.272,0.011,0.518,0.003,
00:01:25,162.562,162.679,167.902,232.158,257.107,4.738,0.014,0.424,0.004,
00:01:25,133.021,135.497,193.898,211.195,239.884,4.012,0.015,0.315,0.004,
00:01:25,113.656,167.624,179.375,199.414,232.445,3.297,0.015,0.234,0.004,
00:01:26,147.413,155.7,170.463,194.858,235.762,2.526,0.016,0.179,0.004,
00:01:26,138.42,149.556,168.198,199.058,253.211,2.012,0.017,0.163,0.004,
00:01:26,135.343,150.146,174.541,216.246,295.952,1.752,0.017,0.184,0.004,
00:01:26,135.398,155,187.915,248.152,292.296,1.829,0.018,0.243,0.004,
00:01:26,137.72,163.803,209.943,284.727,320.184,2.18,0.017,0.315,0.004,
00:01:26,142.557,177.894,246.481,259.083,300.538,2.688,0.017,0.385,0.004,
00:01:26,152.151,202.296,242.258,281.945,376.612,3.241,0.016,0.448,0.004,
00:01:26,167.981,226.305,215.091,259.056,359.236,3.707,0.016,0.494,0.004,
00:01:26,190.444,195.418,237.23,332.878,342.407,4.128,0.015,0.528,0.004,
00:01:27,166.881,199.445,205.001,305.819,371.836,4.523,0.015,0.555,0.004,
00:01:27,148.444,173.43,270.464,279.791,352.59,4.751,0.014,0.535,0.003,
00:01:27,141.537,140.051,240.878,253.737,333.261,4.702,0.014,0.507,0.003,
00:01:27,113.256,210.208,217.58,286.291,318.253,4.563,0.013,0.46,0.003,
00:01:27,180.047,183.563,193.207,266.857,303.524,4.2,0.013,0.404,0.003,
00:01:27,155.947,161.505,226.472,251.936,293.915,3.836,0.012,0.376,0.003,
00:01:27,134.555,141.566,210.401,239.171,287.163,3.582,0.012,0.374,0.003,
00:01:27,116.464,177.888,197.558,229.976,285.5,3.506,0.012,0.392,0.003,
00:01:27,101.026,164.937,186.37,221.955,285.041,3.533,0.012,0.391,0.003,
00:01:28,137.529,151.944,175.697,216.033,291.922,3.456,0.012,0.37,0.003,
00:01:28,126.799,142.644,168.879,214.942,308.444,3.398,0.013,0.371,0.003,
00:01:28,115.824,133.5,163.402,219.147,348.703,3.401,0.013,0.386,0.003,
00:01:28,107.197,127.18,162.385,234.387,445.424,3.477,0.013,0.404,0.003,
00:01:28,101.145,124.336,167.947,271.379,767.136,3.612,0.013,0.428,0.003,
00:01:28,96.396,123.89,181.021,356.01,1071,3.811,0.013,0.461,0.003,
00:01:28,94.587,128.676,211.214,643.591,1144.688,4.068,0.013,0.497,0.003,
00:01:28,96.242,140.904,278.715,1015.001,1177.182,4.414,0.012,0.557,0.003,
00:01:28,98.906,158.221,427.729,1033.816,606.136,4.854,0.009,0.608,0.002,
00:01:29,106.84,188.447,755.758,1051.841,503.999,5.248,0.007,0.635,0.001,
00:01:29,115.829,225.827,717.004,1068.585,448.777,5.519,0.005,0.645,0.001,
00:01:29,129.208,277.356,870.298,1034.77,412.02,5.679,0.004,0.648,0.001,
00:01:29,141.195,330.306,830.919,998.407,388.78,5.759,0.003,0.648,0.001,
00:01:29,159.337,403.405,790.556,959.896,367.248,5.791,0.002,0.645,0,
00:01:29,173.805,474.121,799.261,921.598,352.209,5.795,0.002,0.643,0,
00:01:29,190.791,524.151,764.69,887.472,338.444,5.79,0.001,0.642,0,
00:01:29,212.233,483.654,725.053,847.895,323.395,5.783,0.001,0.642,0,
00:01:29,232.95,443.317,685.25,807.688,310.318,5.776,0.001,0.641,0,
00:01:30,248.013,408.116,650.285,772.029,301.406,5.77,0,0.64,0,
00:01:30,266.14,367.959,610.193,730.833,291.131,5.764,0,0.639,-0,
00:01:30,282.471,327.855,569.98,689.242,281.986,5.758,-0,0.639,-0,
00:01:30,296.069,339.889,529.695,647.405,383.955,5.75,-0,0.636,-0,
00:01:30,254.781,396.329,489.509,605.903,374.462,5.682,0.001,0.612,0,
00:01:30,220.273,406.851,456.753,573.014,613.473,5.574,0.002,0.6,0.001,
00:01:30,179.266,367.356,418.558,535.728,575.967,5.47,0.003,0.596,0.001,
00:01:30,224.543,330.054,431.262,501.191,541.739,5.413,0.004,0.595,0.001,
00:01:31,296.05,340.014,394.622,465.512,506.078,5.37,0.004,0.586,0.001,
00:01:31,258.356,304.236,360.211,432.202,473.002,5.28,0.005,0.569,0.001,
00:01:31,221.018,268.828,375.971,400.009,441.666,5.159,0.006,0.554,0.002,
00:01:31,239.345,289.107,350.161,375.719,419.035,5.077,0.007,0.555,0.002,
00:01:31,205,256.924,320.371,347.657,455.763,5.044,0.008,0.559,0.002,
00:01:31,221.355,276.352,292.766,321.644,435.186,5.019,0.008,0.55,0.002,
00:01:31,190.321,247.507,265.415,295.805,415.985,4.948,0.009,0.533,0.003,
00:01:31,210.714,221.393,240.922,273.34,403.233,4.795,0.011,0.497,0.003,
00:01:31,190.31,202.685,224.062,259.289,402.425,4.539,0.012,0.442,0.003,
00:01:32,170.572,185.273,209.721,325.476,419.529,4.138,0.015,0.405,0.004,
00:01:32,156.396,174.095,203.274,340.356,470.921,3.897,0.016,0.421,0.004,
00:01:32,146.544,167.988,283.677,375.752,582.526,3.954,0.016,0.475,0.004,
00:01:32,137.987,237,302.315,435.598,696.437,4.266,0.015,0.538,0.004,
00:01:32,197.644,242.004,324.765,517.441,809.328,4.654,0.014,0.602,0.003,
00:01:32,196.787,250.759,360.622,639.667,820.115,5.244,0.011,0.68,0.002,
00:01:32,192.927,255.858,397.651,595.388,880.238,5.817,0.009,0.724,0.002,
00:01:32,189.198,261.134,443.055,696.459,892.374,6,0.008,0.724,0.002,
00:01:32,190.141,274.754,518.979,654.045,857.333,6,0.008,0.697,0.002,
00:01:33,194.288,297.719,472.143,660.582,872.364,6,0.008,0.668,0.002,
00:01:33,204.284,334.53,445.177,627.487,895.948,5.983,0.008,0.66,0.002,
00:01:33,226.262,399.431,535.262,686.026,345.649,5.97,0.008,0.666,0.002,
00:01:33,257.625,353.379,493.071,697.751,301.77,6,0.006,0.686,0.001,
00:01:33,296.792,318.887,499.758,660.331,269.557,6,0.005,0.699,0.001,
00:01:33,274.542,410.658,458.642,671.426,359.313,6,0.004,0.702,0.001,
00:01:33,229.576,367.786,417.484,632.269,332.324,6,0.003,0.697,0.001,
00:01:33,231.853,326.299,474.106,593.618,307.052,6,0.003,0.687,0.001,
00:01:33,279.297,295.57,438.985,559.35,877.369,6,0.003,0.676,0.001,
00:01:34,252.896,297,398.977,520.152,896.571,5.999,0.003,0.664,0.001,
00:01:34,215.64,261.042,363.713,536.734,864.702,5.967,0.003,0.654,0.001,
00:01:34,217.644,221.185,373.636,498.419,829.722,5.879,0.003,0.634,0.001,
00:01:34,182.04,277.634,334.764,460.386,853.927,5.733,0.004,0.595,0.001,
00:01:34,144.377,241.26,299.395,426.727,829.154,5.405,0.005,0.548,0.002,
00:01:34,205.102,207.115,266.317,450.451,810.533,5.123,0.006,0.537,0.002,
00:01:34,171.009,222.804,285.244,421.742,857.438,4.977,0.006,0.539,0.001,
00:01:34,139.194,191.937,255.338,452.024,846.693,4.892,0.006,0.527,0.002,
00:01:34,157.764,163.038,280.639,488.512,842.468,4.772,0.007,0.511,0.002,
00:01:35,129.426,185.605,254.92,654.343,845.351,4.632,0.007,0.484,0.002,
00:01:35,151.186,159.38,287.041,649.073,859.941,4.405,0.009,0.455,0.002,
00:01:35,127.558,189.239,327.402,721.581,891.996,4.25,0.009,0.462,0.002,
00:01:35,156.424,223.858,498.483,736.102,936.723,4.243,0.009,0.482,0.002,
00:01:35,135.002,261.153,557.449,752.052,444.302,4.363,0.008,0.512,0.002,
00:01:35,165.813,301.143,621.88,767.956,355.74,4.548,0.007,0.536,0.002,
00:01:35,199.238,405.802,621.085,783.903,322.599,4.767,0.006,0.572,0.001,
00:01:35,233.913,453.537,616.556,794.741,290.008,5.063,0.005,0.613,0.001,
00:01:36,268.161,435.78,604.854,794.592,257.367,5.389,0.004,0.65,0.001,
00:01:36,359.064,479.333,585.033,780.982,272.041,5.719,0.003,0.687,0.001,
00:01:36,334.259,453.967,558.17,754.205,236.443,6,0.002,0.732,0,
00:01:36,306.848,423.705,522.797,710.568,199.701,6,0.001,0.762,0,
00:01:36,336.67,390.492,482.239,656.408,263.712,6,0,0.772,0,
00:01:36,307.94,357.494,442.062,603.038,227.337,6,0.001,0.729,0,
00:01:36,281.222,327.833,407.818,562.015,749.224,5.961,0.003,0.62,0.001,
00:01:36,261.415,307.857,388.73,549.891,744.266,5.565,0.006,0.548,0.002,
00:01:36,246.022,294.16,380.075,560.961,705.622,5.191,0.007,0.535,0.002,
00:01:37,233.181,283.751,376.956,587.945,668.713,5.007,0.007,0.542,0.002,
00:01:37,222.053,275.271,377.107,554.095,682.895,4.945,0.006,0.544,0.001,
00:01:37,212.867,268.32,378.391,521.793,654.484,4.928,0.006,0.548,0.001,
00:01:37,204.069,262.504,384.188,484.264,621,4.946,0.006,0.553,0.001,
00:01:37,197.784,259.142,393.001,526.142,593.331,4.967,0.005,0.555,0.001,
00:01:37,189.09,253.7,404.031,514.769,561.405,4.972,0.005,0.55,0.001,
00:01:37,185.96,255.647,398.856,484.182,533.92,4.948,0.006,0.54,0.002,
00:01:37,184.153,262.87,361.15,450.138,503.637,4.866,0.007,0.527,0.002,
00:01:37,190.809,287.027,323.541,464.162,473.532,4.785,0.008,0.519,0.002,
00:01:38,203.761,298.548,385.633,433.473,496.299,4.694,0.008,0.506,0.002,
00:01:38,228.344,260.557,351.184,403.067,470.394,4.609,0.009,0.505,0.002,
00:01:38,235.015,253.271,319.124,374.652,446.343,4.602,0.009,0.517,0.002,
00:01:38,197.701,288.079,336.3,346.883,422.732,4.65,0.009,0.524,0.002,
00:01:38,217.446,254.076,305.43,369.277,398.62,4.695,0.009,0.528,0.002,
00:01:38,224.039,270.211,276.306,343.617,376.066,4.74,0.009,0.534,0.002,
00:01:38,189.493,238.248,246.387,316.732,351.683,4.778,0.009,0.533,0.002,
00:01:38,206.013,208.781,218.349,291.438,328.524,4.754,0.009,0.512,0.002,
00:01:39,175.228,179.547,242.119,265.663,304.528,4.529,0.009,0.437,0.002,
00:01:39,149.039,154.572,219.525,244.674,286.151,3.958,0.01,0.311,0.003,
00:01:39,129.526,187.873,204.881,233.06,280.095,3.043,0.012,0.189,0.004,
00:01:39,168.23,180.468,201.22,235.449,294.491,2.228,0.015,0.151,0.004,
00:01:39,162.965,178.873,205.13,249.299,292.903,1.763,0.016,0.146,0.004,
00:01:39,163.295,184.263,219.045,280.521,269.949,1.551,0.017,0.162,0.004,
00:01:39,168.396,195.652,242.215,270.223,353.164,1.578,0.018,0.201,0.005,
00:01:39,178.357,216.357,264.369,279.681,333.678,1.853,0.018,0.272,0.005,
00:01:39,194.245,249.588,236.33,322.96,366,2.342,0.018,0.349,0.004,
00:01:40,220.446,221.585,307.867,348.471,350.628,2.938,0.017,0.426,0.004,
00:01:40,201.752,243.516,278.638,325.71,384.062,3.562,0.017,0.491,0.004,
00:01:40,189.432,258.506,302.023,306.011,370.811,4.067,0.016,0.541,0.004,
00:01:40,230.564,255.404,272.156,280.936,352.796,4.535,0.015,0.54,0.003,
00:01:40,193.412,239.032,243.425,307.298,334.618,4.613,0.014,0.504,0.003,
00:01:40,213.636,214.014,221.124,289.361,320.91,4.546,0.013,0.483,0.003,
00:01:40,183.015,186.262,247.004,268.758,304.871,4.332,0.013,0.439,0.003,
00:01:40,156.768,211.88,226.348,251.127,291.959,4.084,0.012,0.413,0.003,
00:01:40,134.237,192.139,208.854,236.63,282.838,3.85,0.012,0.396,0.003,
00:01:41,163.708,174.583,193.297,224.131,276.672,3.71,0.012,0.406,0.003,
00:01:41,149.164,161.281,181.545,215.108,274.113,3.725,0.011,0.427,0.003,
00:01:41,131.773,144.818,166.339,202.604,626.681,3.833,0.01,0.445,0.003,
00:01:41,114.952,128.501,150.867,189.635,584.658,3.896,0.01,0.431,0.003,
00:01:41,98.671,112.408,135.367,176.865,547.875,3.815,0.011,0.387,0.003,
00:01:41,86.711,101.078,125.731,173.251,513.9,3.363,0.012,0.271,0.003,
00:01:41,78.568,94.421,122.97,507.722,486.562,2.705,0.013,0.195,0.004,
00:01:41,76.218,95.424,132.973,479.323,419.583,2.158,0.014,0.186,0.004,
00:01:41,77.801,102.948,474.116,456.564,405.497,1.968,0.015,0.219,0.004,
00:01:42,82.711,471.264,447.716,391.104,351.356,2.094,0.014,0.274,0.004,
00:01:42,94.565,440.419,377.864,377.064,338.497,2.422,0.014,0.335,0.003,
00:01:42,432.796,412.094,357.023,344.554,313.821,2.911,0.011,0.41,0.002,
00:01:42,404.206,389.121,338.386,297.318,266.48,3.367,0.009,0.452,0.002,
00:01:42,373.068,314.017,314.389,274.852,235.58,3.817,0.005,0.485,0.001,
00:01:42,342.601,285.562,286.789,247.056,220.379,4.108,0,0.479,-0.001,
00:01:42,314.65,256.958,256.998,215.388,224.365,4.097,-0.006,0.418,-0.003,
00:01:42,294.864,234.438,232.106,226.268,198.075,3.761,-0.012,0.325,-0.004,
00:01:42,281.14,264.772,209.489,210.184,167.558,3.128,-0.015,0.252,-0.004,
00:01:43,275.048,253.016,192.216,189.007,191.63,2.654,-0.017,0.244,-0.004,
00:01:43,277.136,247.922,230.619,173.466,172.17,2.39,-0.018,0.238,-0.005,
00:01:43,285.837,248.519,225.891,212.97,159.314,2.338,-0.018,0.278,-0.004,
00:01:43,303.086,253.224,223.276,205.24,146.544,2.611,-0.017,0.37,-0.004,
00:01:43,324.848,258.56,220.3,197.12,183.396,3.228,-0.016,0.474,-0.004,
00:01:43,349.019,261.409,214.159,186.166,169.191,3.987,-0.015,0.565,-0.004,
00:01:43,381.543,263.543,206.072,173.507,153.867,4.737,-0.014,0.64,-0.003,
00:01:43,395.32,268.225,197.424,160.041,138.09,5.415,-0.014,0.697,-0.004,
00:01:44,352.43,281.238,189.203,145.893,121.727,5.886,-0.015,0.684,-0.004,
00:01:44,407.551,319.156,189.539,135.94,108.544,5.639,-0.016,0.489,-0.004,
00:01:44,374.593,279.955,214.813,137.626,103.561,4.51,-0.015,0.282,-0.004,
00:01:44,404.416,338.153,261.268,155.352,109.013,3.274,-0.015,0.149,-0.004,
00:01:44,394.765,335.084,239.057,203.475,125.939,2.21,-0.015,0.149,-0.004,
00:01:44,444.662,374.492,320.023,226.994,163.252,2.005,-0.015,0.267,-0.004,
00:01:44,447.194,367.232,306.003,208.375,213.857,2.491,-0.014,0.387,-0.003,
00:01:44,448.316,409.978,339.476,284.181,189.826,3.3,-0.013,0.512,-0.003,
00:01:44,443.306,397.334,319.996,308.304,258.352,4.201,-0.012,0.597,-0.003,
00:01:45,430.724,378.493,295.401,280.553,227.07,4.924,-0.01,0.64,-0.002,
00:01:45,413.565,356.104,321.232,251.103,243.109,5.413,-0.01,0.658,-0.003,
00:01:45,393.058,330.718,293.134,219.666,209.91,5.65,-0.01,0.64,-0.003,
00:01:45,376.224,307.776,267.271,242.704,179.201,5.637,-0.011,0.606,-0.003,
00:01:45,361.657,285.658,242.132,215.807,200.13,5.48,-0.011,0.583,-0.003,
00:01:45,355.393,270.563,223.919,196.075,179.233,5.341,-0.011,0.561,-0.003,
00:01:45,355.529,255.747,204.553,174.863,156.862,5.047,-0.012,0.498,-0.003,
00:01:45,670.905,251.19,191.583,158.737,139.114,4.687,-0.013,0.476,-0.003,
00:01:45,626.917,261.049,185.994,147.951,126.007,4.446,-0.014,0.456,-0.004,
00:01:46,546.669,618.611,188.453,142.933,118.013,4.268,-0.015,0.455,-0.004,
00:01:46,515.149,574.284,205.76,144.046,113.463,4.248,-0.015,0.49,-0.004,
00:01:46,491.082,492.879,560.232,151.778,113.455,4.408,-0.015,0.534,-0.004,
00:01:46,465.324,459.021,515.706,170.985,118.068,4.744,-0.013,0.591,-0.003,
00:01:46,361.381,425.173,426.139,490.395,126.632,5.16,-0.011,0.639,-0.002,
00:01:46,296.113,390.706,387.261,444.888,469.503,5.541,-0.008,0.668,-0.001,
00:01:46,265.802,352.628,347.003,400.789,419.687,5.814,-0.004,0.678,-0.001,
00:01:46,249.627,311.116,305.088,308.485,372.499,5.957,-0.002,0.665,0,
00:01:46,249.383,269.084,264.054,267.177,329.672,5.835,0.002,0.602,0.001,
00:01:47,244.153,233.27,230.005,233.838,296.593,5.523,0.006,0.539,0.002,
00:01:47,201.38,194.282,193.343,198.412,262.624,4.941,0.009,0.437,0.003,
00:01:47,165.899,162.148,163.418,220.255,236.864,4.167,0.012,0.336,0.003,
00:01:47,141.391,140.082,143.105,202.704,221.584,3.551,0.014,0.304,0.004,
00:01:47,117.093,118.069,122.825,186.385,208.583,3.133,0.015,0.312,0.004,
00:01:47,98.229,100.961,159.705,175.922,202.657,3.024,0.016,0.338,0.004,
00:01:47,80.348,135.595,147.411,167.041,199.704,3.087,0.017,0.358,0.004,
00:01:47,114.273,122.855,137.343,161.259,202.72,3.195,0.018,0.372,0.005,
00:01:47,100.194,110.736,128.107,157.623,213.229,3.31,0.018,0.392,0.005,
00:01:48,89.771,102.521,123.879,162.722,248.03,3.501,0.019,0.427,0.005,
00:01:48,80.487,95.696,122.586,178.017,247.045,3.769,0.019,0.464,0.005,
00:01:48,73.455,92.059,128.509,224.013,219.28,4.031,0.019,0.484,0.005,
00:01:48,69.03,93.211,150.507,191.855,239.768,4.231,0.019,0.493,0.005,
00:01:48,74.681,113.583,163.571,162.104,214.734,4.274,0.019,0.462,0.005,
00:01:48,93.955,135.293,133.006,183.483,293.742,4.068,0.018,0.386,0.004,
00:01:48,108.971,106.188,106.705,160.689,279.568,3.468,0.018,0.282,0.004,
00:01:48,88.764,88.082,139.289,147.18,275.007,3.034,0.017,0.293,0.004,
00:01:49,68.01,117.457,122.709,242.47,334.716,2.951,0.016,0.351,0.004,
00:01:49,96.402,99.497,212.258,235.068,340.817,3.218,0.015,0.42,0.004,
00:01:49,76.423,80.377,199.653,290.511,348.563,3.657,0.014,0.481,0.003,
00:01:49,54.23,165.356,184.081,284.667,354.988,4.115,0.013,0.524,0.003,
00:01:49,136.891,148.961,232.37,278.251,360.348,4.438,0.012,0.541,0.003,
00:01:49,116.154,128.679,217.575,268.864,366.357,4.666,0.011,0.537,0.002,
00:01:49,94.116,168.219,199.738,255.337,369.381,4.706,0.01,0.513,0.002,
00:01:49,134.179,153.59,186.18,245.806,378.537,4.601,0.009,0.478,0.002,
00:01:49,117.922,137.58,171.353,236.629,401.976,4.393,0.009,0.462,0.002,
00:01:50,104.837,124.491,159.167,230.318,440.72,4.256,0.009,0.43,0.002,
00:01:50,93.309,113.565,150.909,235.507,575.785,3.908,0.01,0.368,0.003,
00:01:50,84.681,106.648,150.164,267.396,893.725,3.389,0.012,0.289,0.003,
00:01:50,83.048,110.068,170.843,409.246,1113.508,2.956,0.014,0.29,0.004,
00:01:50,86.438,123.479,228.203,853.245,1202.607,2.86,0.014,0.331,0.004,
00:01:50,96.736,154.897,420.479,1075.983,608.649,3.037,0.014,0.384,0.003,
00:01:50,117.832,227.943,810.016,1162.407,449.306,3.427,0.013,0.465,0.003,
00:01:50,148.495,375.058,1029.999,639.278,375.117,3.922,0.01,0.533,0.002,
00:01:50,199.518,759.065,1053.777,503.787,324.182,4.502,0.007,0.581,0.001,
00:01:51,253.905,730.141,1078.912,442.08,296.147,4.883,0.005,0.598,0.001,
00:01:51,315.211,892.003,1052.425,400.876,274.872,5.123,0.003,0.601,0.001,
00:01:51,381.554,861.119,1023.646,369.132,256.645,5.255,0.002,0.599,0,
00:01:51,448.601,825.25,988.539,342.42,239.846,5.317,0.001,0.595,-0,
00:01:51,493.689,789.229,951.708,323.695,226.617,5.317,-0.001,0.587,-0,
00:01:51,520.413,757.126,918.007,309.094,215.232,5.287,-0.001,0.58,-0,
00:01:51,520.225,721.015,879.372,301.613,207.664,5.237,-0.002,0.573,-0.001,
00:01:51,506.404,690.022,845.713,295.893,200.755,5.191,-0.003,0.569,-0.001,
00:01:51,472.673,655.259,807.641,297.977,197.708,5.152,-0.003,0.569,-0.001,
00:01:52,437.986,619.772,768.963,301.991,195.103,5.135,-0.003,0.569,-0.001,
00:01:52,403.198,584.517,682.58,310.82,194.8,5.132,-0.003,0.571,-0.001,
00:01:52,374.073,555.279,651.292,320.843,195.436,5.139,-0.003,0.573,-0.001,
00:01:52,338.715,520.202,614.239,680.183,197.016,5.152,-0.003,0.575,-0.001,
00:01:52,302.875,485.051,529.541,640.399,203.053,5.181,-0.002,0.583,-0,
00:01:52,264.965,448.361,492.301,601.141,202.861,5.227,-0.001,0.588,0,
00:01:52,225.855,410.836,455.325,563.655,326.033,5.266,0.001,0.59,0,
00:01:52,240.319,372.928,418.505,527.132,557.632,5.291,0.002,0.591,0.001,
00:01:52,261.831,334.952,429.951,491.202,521.379,5.298,0.003,0.585,0.001,
00:01:53,297.831,335.723,394.634,457.021,487.45,5.275,0.004,0.583,0.001,
00:01:53,267.022,308.472,358.545,422.081,452.742,5.242,0.004,0.57,0.001,
00:01:53,228.427,272.07,323.726,388.514,419.55,5.124,0.005,0.545,0.001,
00:01:53,245.256,242.016,343.928,361.215,392.901,5.003,0.006,0.537,0.002,
00:01:53,209.409,256.438,312.444,331.12,363.932,4.908,0.007,0.531,0.002,
00:01:53,175.295,224.521,282.895,303.276,337.886,4.831,0.009,0.527,0.002,
00:01:53,192.009,244.137,256.331,278.721,315.914,4.794,0.01,0.535,0.003,
00:01:53,161.537,216.048,230.002,254.137,361.411,4.776,0.01,0.398,0.002
00:02:17,135.149,232.891,292.231,476.05,833.542,5.393,0.001,0.581,0,
00:02:17,195.145,196.817,255.204,383.199,793.413,5.221,0.001,0.525,0.001,
00:02:18,162.039,212.469,221.76,349.002,761.575,4.687,0.003,0.397,0.001,
00:02:18,134.015,185.316,246.124,379.745,748.309,3.85,0.007,0.3,0.002,
00:02:18,160.424,165.018,227.979,425.42,825.284,3.209,0.009,0.303,0.002,
00:02:18,142.371,198.678,268.313,604.969,855.626,3.119,0.009,0.371,0.002,
00:02:18,126.379,184.404,313.101,674.486,886.067,3.313,0.009,0.414,0.002,
00:02:18,156.121,219.067,358.884,752.872,926.181,3.646,0.009,0.47,0.002,
00:02:18,139.576,204.35,471.153,767.565,966.399,4.033,0.008,0.53,0.002,
00:02:18,171.74,242.24,589.331,779.204,485.485,4.5,0.008,0.59,0.002,
00:02:18,150.773,279.548,581.883,785.501,399.167,4.965,0.007,0.629,0.002,
00:02:19,178.053,314.823,638.116,788.334,362.188,5.402,0.006,0.66,0.001,
00:02:19,208.874,413.561,625.401,783.547,331.18,5.708,0.005,0.686,0.001,
00:02:19,235.995,449.758,604.555,768.039,294.087,5.998,0.004,0.707,0.001,
00:02:19,261.978,421.321,576.54,740.817,308.715,6,0.003,0.726,0.001,
00:02:19,290.111,392.782,546.734,708.822,273.073,6,0.002,0.739,0,
00:02:19,321.244,429.717,516.89,674.127,242.579,6,0.002,0.758,0,
00:02:19,292.529,398.488,481.095,631.095,308.028,6,0.001,0.77,0,
00:02:19,263.61,366.987,444.859,587.332,775.351,6,0.002,0.776,0.001,
00:02:19,240.721,342.618,417.479,555.81,741.98,6,0.003,0.756,0.001,
00:02:20,272.234,314.768,386.989,522.836,702.105,6,0.003,0.737,0.001,
00:02:20,247.805,288.894,359.408,495.37,661.117,6,0.004,0.693,0.001,
00:02:20,226.334,266.768,337.269,478.166,632.812,5.986,0.005,0.65,0.002,
00:02:20,206.877,247.519,320.138,473.418,669.653,5.835,0.007,0.618,0.002,
00:02:20,190.433,232.325,309.92,487.583,636.015,5.626,0.008,0.591,0.002,
00:02:20,179.802,224.059,309.701,520.602,603.192,5.461,0.009,0.583,0.002,
00:02:20,170.873,219.522,320.511,478.372,615,5.367,0.009,0.594,0.002,
00:02:20,164.251,218.637,342.425,437.929,580.003,5.4,0.008,0.614,0.002,
00:02:20,161.331,223.368,381.771,494.913,545.527,5.511,0.008,0.629,0.002,
00:02:21,159.304,230.631,366.204,456.022,510.917,5.58,0.007,0.625,0.002,
00:02:21,161.609,247.349,323.883,417.351,476.014,5.6,0.007,0.621,0.002,
00:02:21,170.161,280.517,283.026,427.856,441.735,5.581,0.008,0.613,0.002,
00:02:21,187.356,249.096,340.134,392.198,459.465,5.512,0.008,0.594,0.002,
00:02:21,217.216,208.284,302.105,357.18,427.786,5.344,0.008,0.558,0.002,
00:02:21,174.979,262.764,266.004,324.009,398.25,5.102,0.009,0.528,0.003,
00:02:21,141.975,231.033,282.507,295.142,374.011,4.876,0.011,0.51,0.003,
00:02:21,204.569,203.26,257.499,272.474,356.112,4.704,0.012,0.489,0.003,
00:02:21,172.123,222.075,231.11,303.075,339.349,4.49,0.013,0.468,0.003,
00:02:22,191.295,196.168,207.775,285.564,327.761,4.346,0.014,0.471,0.003,
00:02:22,165.889,173.094,241.589,271.474,320.924,4.295,0.014,0.468,0.003,
00:02:22,145.891,154.565,227.226,260.907,317.642,4.212,0.013,0.435,0.003,
00:02:22,128.152,192.227,215.223,253.207,319.251,3.912,0.013,0.351,0.003,
00:02:22,164.327,180.528,207.258,252.278,306.881,3.312,0.014,0.269,0.004,
00:02:22,156.467,176.002,208.345,265.12,277.64,2.729,0.014,0.221,0.004,
00:02:22,154.82,179.244,220.783,270.582,302.955,2.301,0.015,0.213,0.004,
00:02:22,157.076,188.74,245.744,244.925,331.815,2.197,0.016,0.262,0.004,
00:02:22,165.945,207.937,238.854,290.761,333.977,2.392,0.017,0.323,0.004,
00:02:23,177.926,230.012,214.331,303.24,349.489,2.747,0.018,0.379,0.004,
00:02:23,207.271,196.621,285.159,329.002,334.286,3.234,0.018,0.444,0.005,
00:02:23,173.174,240.388,256.242,306.628,369.097,3.821,0.018,0.528,0.004,
00:02:23,199.08,227.022,274.87,283.092,354.031,4.501,0.017,0.61,0.004,
00:02:23,200.894,246.003,250,313.396,340.389,5.046,0.016,0.631,0.004,
00:02:23,211.353,212.445,220.277,289.881,322.98,5.164,0.016,0.54,0.004,
00:02:23,182.135,186.209,248.425,271.823,310.502,4.944,0.016,0.504,0.004,
00:02:23,153.713,160.342,227.715,255.78,302.208,4.644,0.016,0.468,0.004,
00:02:23,132.896,193.612,213.27,245.678,300.466,4.438,0.015,0.474,0.004,
00:02:24,162.725,176.507,199.461,237.574,400.893,4.424,0.015,0.509,0.004,
00:02:24,144.186,159.939,185.899,230.271,631.25,4.587,0.014,0.537,0.003,
00:02:24,128.632,145.657,173.967,224.402,588.245,4.685,0.014,0.531,0.003,
00:02:24,112.146,130.442,161.743,577.944,543.699,4.682,0.013,0.507,0.003,
00:02:24,99.549,119.472,155.261,528.447,457.49,4.628,0.013,0.518,0.003,
00:02:24,86.698,107.876,513.656,483.956,422.926,4.716,0.012,0.55,0.003,
00:02:24,76.024,98.536,464.722,444.661,391.043,4.919,0.011,0.584,0.003,
00:02:24,66.186,447.012,419.365,358.385,358.342,5.166,0.01,0.619,0.002,
00:02:24,147.841,404.234,382.787,326.263,328.966,5.445,0.006,0.661,0,
00:02:25,393.03,360.132,341.901,287.103,290.164,5.752,-0.001,0.674,-0.002,
00:02:25,359.663,327.448,309.151,253.392,254.8,5.88,-0.007,0.658,-0.003,
00:02:25,327.543,293.373,273.175,263.057,213.26,5.83,-0.012,0.626,-0.004,
00:02:25,305.1,266.372,242.918,229.673,224.26,5.572,-0.015,0.553,-0.004,
00:02:25,294.013,249.004,221.79,205.569,197.141,5.092,-0.017,0.455,-0.005,
00:02:25,299.24,241.174,207.255,186.673,174.636,4.313,-0.019,0.348,-0.005,
00:02:25,332.809,248.825,203.628,176.874,160.648,3.538,-0.02,0.281,-0.005,
00:02:25,375.185,281.982,214.826,177.87,155.801,2.943,-0.021,0.265,-0.005,
00:02:26,442.964,361.555,248.422,192.155,160.649,2.775,-0.021,0.332,-0.005,
00:02:26,466.085,337.814,313.981,218.806,171.917,3.121,-0.02,0.436,-0.005,
00:02:26,446.094,395.636,307.175,268.547,193.336,3.772,-0.019,0.536,-0.004,
00:02:26,476.076,414.995,368.038,280.927,232.41,4.53,-0.017,0.625,-0.004,
00:02:26,455.687,385.378,379.011,313.057,249.394,5.261,-0.015,0.692,-0.003,
00:02:26,432.208,403.921,341.962,292.664,229.604,5.888,-0.013,0.743,-0.003,
00:02:26,404.939,371.37,303.892,298.077,252.909,6,-0.013,0.768,-0.003,
00:02:26,379.735,341.362,318.831,259.573,258.536,6,-0.013,0.73,-0.003,
00:02:26,355.106,311.939,285.873,222.458,218.074,6,-0.013,0.66,-0.003,
00:02:27,333.638,285.082,255.645,238.281,181.31,5.726,-0.014,0.556,-0.004,
00:02:27,322.673,267.854,235.062,215.25,204.241,5.255,-0.014,0.487,-0.004,
00:02:27,320.126,256.38,219.364,196.916,183.7,4.72,-0.015,0.436,-0.004,
00:02:27,328.833,249.507,206.059,180.161,164.486,4.269,-0.014,0.421,-0.004,
00:02:27,689.287,250.507,198.046,167.973,149.78,4.033,-0.014,0.431,-0.003,
00:02:27,643.539,258.247,193.042,157.959,137.194,4.013,-0.014,0.459,-0.003,
00:02:27,604.738,635.468,193.269,151.47,127.727,4.156,-0.013,0.496,-0.003,
00:02:27,521.633,589.145,195.586,145.453,118.646,4.408,-0.012,0.536,-0.003,
00:02:27,490.1,548.368,199.467,139.152,109.397,4.708,-0.011,0.573,-0.002,
00:02:28,457.527,460.683,528.785,133.225,100.778,5.069,-0.009,0.625,-0.002,
00:02:28,424.052,423.225,485.16,123.641,90.361,5.429,-0.006,0.651,-0.001,
00:02:28,387.316,384.365,442.485,467.586,78.174,5.68,-0.003,0.662,-0,
00:02:28,347.679,344.144,400.256,421.774,64.782,5.837,-0.001,0.667,0,
00:02:28,307.255,304.127,359.407,378.724,413.512,5.921,0.001,0.665,0,
00:02:28,265.474,263.189,318.153,335.834,367.417,5.945,0.002,0.658,0.001,
00:02:28,224.569,271.429,278.381,294.894,323.953,5.834,0.004,0.589,0.002,
00:02:28,185.454,234.279,242.379,259.216,287.97,5.243,0.01,0.455,0.003,
00:02:29,202.035,205.829,216.472,235.832,267.936,4.3,0.015,0.313,0.004,
00:02:29,179.632,186.877,201.096,225.06,264.636,3.278,0.018,0.217,0.005,
00:02:29,168.033,179.336,198.742,230.72,285.291,2.421,0.02,0.152,0.005,
00:02:29,164.869,181.436,208.755,254.876,273.362,1.886,0.021,0.174,0.005,
00:02:29,167.616,191.364,231.134,265.922,297.405,1.858,0.021,0.237,0.005,
00:02:29,174.191,206.579,263.126,244.928,278.947,2.121,0.02,0.308,0.005,
00:02:29,188.233,236.006,227.874,264.621,354.437,2.676,0.019,0.4,0.005,
00:02:29,209.182,210.229,246.794,268.57,335.107,3.346,0.018,0.477,0.004,
00:02:29,187.485,216.008,215.282,309.128,315.501,3.945,0.017,0.52,0.004,
00:02:30,177.227,186.995,279.148,281.837,344.095,4.383,0.016,0.536,0.004,
00:02:30,158.005,186.526,248.653,255.764,324.401,4.517,0.015,0.489,0.003,
00:02:30,127.332,221.033,223.766,284.53,307.614,4.403,0.014,0.462,0.003,
00:02:30,197.191,196.409,201.738,266.47,293.28,4.241,0.013,0.441,0.003,
00:02:30,168.022,170.128,177.757,247.137,278.223,4.042,0.013,0.413,0.003,
00:02:30,143.44,147.699,209.884,231.735,267.745,3.771,0.014,0.361,0.003,
00:02:30,122.884,179.897,195.233,220.759,263.163,3.346,0.014,0.298,0.004,
00:02:30,156.908,167.679,186.11,216.484,268.453,2.948,0.014,0.29,0.004,
00:02:30,145.102,158.341,180.267,216.89,282.977,2.855,0.014,0.332,0.003,
00:02:31,135.879,151.637,177.634,222.55,310.497,3.05,0.014,0.388,0.003,
00:02:31,125.443,143.378,173.445,228.245,349.177,3.416,0.013,0.447,0.003,
00:02:31,115.568,135.517,170.034,237.84,416.655,3.853,0.012,0.498,0.003,
00:02:31,104.977,126.045,163.924,244.993,515.711,4.21,0.011,0.527,0.003,
00:02:31,94.338,116.833,159.791,265.465,861.082,4.533,0.011,0.545,0.003,
00:02:31,82.246,105.613,154.067,301.6,1034.002,4.76,0.01,0.559,0.003,
00:02:31,73.125,98.029,155.836,410.18,1052.542,4.956,0.01,0.587,0.002,
00:02:31,63.77,89.909,160.635,775.582,1072.877,5.204,0.009,0.62,0.002,
00:02:31,58.039,86.687,182.112,738.15,1094.684,5.45,0.008,0.641,0.002,
00:02:32,54.282,85.816,220.792,898.935,1071.757,5.626,0.007,0.653,0.002,
00:02:32,50.257,85.985,332.339,910.946,603.826,5.782,0.007,0.663,0.002,
00:02:32,52.392,97.278,630.153,928.777,538.571,5.897,0.006,0.679,0.001,
00:02:32,58.242,120.925,588.083,892.275,483.621,6,0.005,0.69,0.001,
00:02:32,71.208,168.671,738.913,904.649,440.396,6,0.004,0.697,0.001,
00:02:32,85.892,238.582,698.122,867.511,408.031,6,0.004,0.696,0.001,
00:02:32,109.908,366.846,664.377,836.523,379.394,6,0.004,0.693,0.001,
00:02:32,140.797,427.481,672.422,799.069,351.26,6,0.004,0.693,0.001,
00:02:32,187.278,385.114,632.116,760.758,323.745,6,0.003,0.694,0.001,
00:02:33,243.031,344.01,592.241,721.687,299.914,6,0.002,0.694,0,
00:02:33,292.067,494,598.998,678.703,282.481,6,0,0.69,-0,
00:02:33,265.196,453.003,557.119,634.487,366.287,6,-0,0.669,0,
00:02:33,223.266,412.002,516.139,592.395,346.03,5.936,0.002,0.64,0.001,
00:02:33,181.883,372.173,478.012,555.539,315.485,5.811,0.005,0.627,0.002,
00:02:33,333.775,380.97,441.273,521.406,280.12,5.726,0.006,0.63,0.002,
00:02:33,294.472,344.391,457.421,490.518,245.653,5.713,0.007,0.637,0.002,
00:02:33,309.055,361.367,428.121,462.684,582.214,5.736,0.006,0.643,0.001,
00:02:34,271.055,325.147,393.531,428.871,551.212,5.779,0.005,0.651,0.001,
00:02:34,282.437,338.937,358.998,394.317,518.429,5.837,0.005,0.658,0.001,
00:02:34,244.961,302.411,322.391,356.806,481.488,5.9,0.005,0.665,0.001,
00:02:34,256.994,266.855,286.556,319.894,445.469,5.923,0.005,0.644,0.002,
00:02:34,226.991,237.355,256.889,289.513,417.213,5.76,0.007,0.587,0.002,
00:02:34,200.611,211.857,231.903,265.034,399.081,5.417,0.01,0.528,0.003,
00:02:34,173.691,186.495,208.166,314.453,394.126,5.004,0.014,0.514,0.004,
00:02:34,152.329,167.331,192.085,313.921,417.117,4.896,0.016,0.557,0.004,
00:02:34,136.036,153.087,254.462,324.085,465.636,5.037,0.017,0.601,0.004,
00:02:34,121.828,208.694,256.957,348.016,565.654,5.306,0.017,0.651,0.004,
00:02:35,172.105,205.658,265.483,391.153,649.027,5.674,0.016,0.706,0.004,
00:02:35,163.667,203.854,281.536,478.359,748.53,6,0.014,0.761,0.003,
00:02:35,157.143,204.843,307.536,570.386,756.232,6,0.012,0.786,0.003,
00:02:35,152.586,208.933,348.029,524.481,815.021,6,0.01,0.785,0.002,
00:02:35,150.985,218.213,416.153,626.042,828.984,6,0.009,0.782,0.002,
00:02:35,154.499,235.832,451.149,591.445,850.277,6,0.008,0.758,0.002,
00:02:35,162.076,269.088,406.207,599.845,819.106,6,0.008,0.752,0.002,
00:02:35,182.745,340.655,507.106,658.806,890.661,6,0.008,0.76,0.002,
00:02:35,206.613,330.744,471.135,627.314,866.587,6,0.007,0.77,0.002,
00:02:36,245.987,286.595,478.137,639.879,889.61,6,0.006,0.78,0.001,
00:02:36,250.283,356.896,437.513,602.77,912.344,6,0.005,0.772,0.001,
00:02:36,206.435,346.19,397.972,616.513,936.386,6,0.005,0.755,0.001,
00:02:36,207.401,304,454.917,578.928,960.751,6,0.005,0.746,0.001,
00:02:36,265.752,311.145,415.707,593.222,986.622,6,0.004,0.745,0.001,
00:02:36,223.576,270.42,375.923,554.844,953.607,6,0.003,0.746,0.001,
00:02:36,181.881,229.664,385.029,514.832,917.004,6,0.003,0.748,0.001,
00:02:36,189.609,189.844,345.409,474.926,879.669,6,0.003,0.749,0.001,
00:02:37,148.263,245.623,304.683,433.891,841.924,6,0.003,0.733,0.001,
00:02:37,108.052,206.119,265.305,394.951,809.553,6,0.005,0.669,0.002,
00:02:37,165.014,167.939,279.076,415.337,851.217,5.796,0.007,0.581,0.002,
00:02:37,134.284,187.349,251.23,449.669,849.616,5.462,0.009,0.555,0.003,
00:02:37,150.349,156.388,276.666,552.172,862.978,5.231,0.01,0.565,0.003,
00:02:37,119.469,177.547,306.665,670.69,885.204,5.209,0.01,0.589,0.002,
00:02:37,140.014,202.549,342.193,738.894,913.523,5.328,0.009,0.62,0.002,
00:02:37,109.8,173.3,440.823,739.489,939.508,5.518,0.008,0.644,0.002,
00:02:37,136.254,204.673,551.876,739.511,455.155,5.682,0.007,0.662,0.002,
00:02:38,158.571,232.464,534.106,734.493,414.323,5.858,0.006,0.675,0.001,
00:02:38,133.451,326.099,586.767,728.606,379.998,5.969,0.006,0.68,0.001,
00:02:38,157.673,421.01,568.257,718.573,340.416,6,0.005,0.686,0.001,
00:02:38,240.502,397.623,549.142,706.856,301.971,6,0.005,0.692,0.001,
00:02:38,269.52,371.722,525.839,688.326,264.18,6,0.004,0.707,0.001,
00:02:38,301.117,411.457,500.67,665.085,328.021,6,0.003,0.727,0.001,
00:02:38,278.978,388.536,475.85,638.82,296.332,6,0.002,0.731,0.001,
00:02:38,251.664,359.587,443.499,602.369,799.049,6,0.003,0.686,0.001,
00:02:38,286.572,334.265,416.172,574.365,771.865,5.969,0.003,0.641,0.001,
00:02:39,264.926,311.845,393.489,555.928,769.133,5.758,0.005,0.597,0.001,
00:02:39,245.416,292.476,375.999,549.673,735.169,5.449,0.006,0.551,0.002,
00:02:39,232.37,281.649,371.792,572.374,697.785,5.154,0.007,0.539,0.002,
00:02:39,220.831,273.107,372.642,582.764,710.267,5.011,0.007,0.546,0.002,
00:02:39,214.366,270.216,381.078,548.389,680.503,4.967,0.007,0.542,0.002,
00:02:39,208.356,269.634,399.155,519.172,648.047,4.862,0.008,0.513,0.002,
00:02:39,206.616,275.329,432.194,576.747,622.138,4.708,0.008,0.498,0.002,
00:02:39,211.071,294.153,456.731,541.749,593.406,4.605,0.009,0.507,0.002,
00:02:39,218.991,322.757,419.817,558.017,616.222,4.626,0.008,0.526,0.002,
00:02:40,234.386,369.642,479.936,526.072,589.677,4.717,0.008,0.535,0.002,
00:02:40,256.122,357.481,444.704,495.46,564.001,4.723,0.008,0.514,0.002,
00:02:40,298.202,319.662,459.003,466.374,540.237,4.656,0.009,0.511,0.002,
00:02:40,300.742,386.671,432.701,493.152,522.474,4.653,0.009,0.526,0.002,
00:02:40,262.041,351.587,401.733,466.653,500.297,4.773,0.008,0.563,0.002,
00:02:40,322.227,365.006,370.257,438.583,475.302,4.996,0.007,0.591,0.001,
00:02:40,289.937,335.172,342.279,412.608,450.828,5.177,0.006,0.604,0.001,
00:02:40,277.337,299.807,357.945,380.449,419.576,5.325,0.006,0.61,0.002,
00:02:40,263.459,264.765,324.558,347.873,387.482,5.419,0.006,0.612,0.002,
00:02:41,232.053,234.751,295.747,319.465,359.183,5.429,0.007,0.582,0.002,
00:02:41,197.127,250.527,264.348,289.079,329.977,5.124,0.01,0.488,0.003,
00:02:41,168.176,224.561,240.829,268.431,313.954,4.466,0.013,0.364,0.004,
00:02:41,195.707,206.874,226.697,259.441,310.956,3.557,0.015,0.236,0.004,
00:02:41,184.049,198.984,223.963,265.332,274.099,2.575,0.017,0.146,0.004,
00:02:41,181.134,201.115,234.043,271.858,281.161,1.885,0.017,0.146,0.004,
00:02:41,184.579,211.545,256.878,241.545,325.408,1.692,0.018,0.196,0.004,
00:02:41,191.49,226.714,241.716,280.712,308.764,1.848,0.017,0.261,0.004,
00:02:42,203.512,234.689,228.898,299.202,338.93,2.331,0.017,0.355,0.004,
00:02:42,221.987,198.93,285.646,295.437,320.24,2.961,0.016,0.429,0.004,
00:02:42,179.963,221.101,254.347,297.142,300.091,3.546,0.015,0.467,0.003,
00:02:42,177.022,232.154,272.565,271.615,328.562,3.864,0.014,0.448,0.003,
00:02:42,209.195,204.168,248.096,250.691,311.953,3.801,0.013,0.364,0.003,
00:02:42,182.551,224.459,223.408,229.301,295.426,3.375,0.012,0.31,0.003,
00:02:42,159.672,204.166,205.851,264.506,284.591,3.053,0.012,0.284,0.003,
00:02:42,186.53,185.199,189.607,252.484,276.748,2.769,0.012,0.282,0.003,
00:02:42,169.24,170.249,176.671,243.427,271.52,2.706,0.012,0.308,0.003,
00:02:43,151.078,154.285,214.393,234.258,267.126,2.832,0.012,0.35,0.003,
00:02:43,132.88,137.74,201.306,224.208,261.971,3.094,0.012,0.39,0.003,
00:02:43,114.214,171.731,187.253,212.974,255.9,3.355,0.012,0.396,0.003,
00:02:43,146.796,157.084,174.629,203.547,253.163,3.25,0.012,0.312,0.003,
00:02:43,133.074,145.092,165.008,198.242,258.06,2.986,0.013,0.305,0.003,
00:02:43,123.186,136.685,158.931,196.973,623.215,2.895,0.013,0.314,0.003,
00:02:43,115.626,130.797,156.006,200.811,590.12,2.859,0.013,0.316,0.003,
00:02:43,107.964,125.337,154.987,211.426,556.976,2.872,0.013,0.325,0.003,
00:02:43,101.734,121.198,155.722,557.839,532.18,2.926,0.013,0.34,0.003,
00:02:44,97.876,120.819,164.332,522.394,458.627,3.052,0.013,0.366,0.003,
00:02:44,95.35,122.844,515.387,492.142,437.003,3.262,0.012,0.403,0.003,
00:02:44,94.06,127.599,478.38,415.605,415.558,3.538,0.011,0.44,0.003,
00:02:44,93.684,467.532,444.911,389.04,345.423,3.854,0.01,0.485,0.002,
00:02:44,461.507,428.667,411.873,360.25,319.132,4.23,0.005,0.526,0,
00:02:44,428.363,399.25,384.79,334.488,293.637,4.482,0.001,0.528,-0.001,
00:02:44,396.828,368.664,354.285,303.222,284.11,4.588,-0.005,0.509,-0.002,
00:02:44,374.492,345.008,329.098,276,280.174,4.53,-0.008,0.484,-0.002,
00:02:44,352.627,320.253,301.72,245.542,246.438,4.4,-0.01,0.47,-0.003,
00:02:45,335.544,299.316,277.766,266.67,216.117,4.293,-0.011,0.463,-0.003,
00:02:45,322.179,281.088,256.197,242.113,236.303,4.251,-0.012,0.477,-0.003,
00:02:45,311.952,264.989,236.564,219.675,211.02,4.335,-0.013,0.502,-0.003,
00:02:45,304.134,251.463,220.042,201.031,190.367,4.449,-0.013,0.515,-0.003,
00:02:45,300.879,238.991,203.343,181.756,168.953,4.544,-0.014,0.516,-0.004,
00:02:45,307.417,229.96,188.249,163.553,148.575,4.6,-0.016,0.516,-0.004,
00:02:45,345.352,233.896,180.985,151.347,133.536,4.579,-0.018,0.49,-0.005,
00:02:45,330.375,257.503,182.39,144.603,122.879,4.337,-0.019,0.423,-0.005,
00:02:45,395.318,308.056,198.779,145.872,118.041,3.977,-0.018,0.396,-0.005,
00:02:46,372.137,279.025,237.047,157.459,120.625,3.818,-0.018,0.419,-0.004,
00:02:46,398.453,346.107,255.055,186.144,130.417,3.863,-0.017,0.442,-0.004,
00:02:46,383.466,324.066,227.993,235.398,151.814,3.921,-0.018,0.446,-0.005,
00:02:46,422.024,350.802,295.199,200.904,208.298,4.027,-0.019,0.48,-0.005,
00:02:46,416.505,333.399,318.499,266.005,172.817,4.327,-0.019,0.547,-0.004,
00:02:46,413.661,371.008,295.701,285.037,235.355,4.801,-0.017,0.617,-0.004,
00:02:46,410.702,357.29,324.908,257.085,250.462,5.351,-0.016,0.684,-0.004,
00:02:46,402.405,338.942,300.66,226.849,216.898,5.896,-0.014,0.728,-0.003,
00:02:46,393.151,319.541,276.218,249.926,185.085,6,-0.013,0.722,-0.003,
00:02:47,385.201,302.216,255.024,226.534,209.495,6,-0.012,0.72,-0.003,
00:02:47,378.343,282.807,231.405,200.983,182.531,6,-0.012,0.675,-0.003,
00:02:47,704.098,267.552,210.604,178.106,158.468,5.706,-0.013,0.534,-0.004,
00:02:47,649.949,268.444,199.26,162.351,140.583,5.029,-0.015,0.455,-0.004,
00:02:47,558.583,635.26,199.312,154.226,128.971,4.489,-0.015,0.446,-0.004,
00:02:47,523.917,586.956,214.11,154.45,123.733,4.335,-0.015,0.491,-0.003,
00:02:47,494.381,498.555,569.093,158.926,120.87,4.501,-0.014,0.544,-0.003,
00:02:47,470.162,467.8,529.305,169.038,121.87,4.765,-0.012,0.583,-0.003,
00:02:47,445.63,438.025,492.59,515.199,124.328,5.064,-0.011,0.621,-0.002,
00:02:48,345.189,403.298,403.793,466.763,498.162,5.424,-0.009,0.657,-0.002,
00:02:48,300.151,365.081,362.359,420.038,443.946,5.735,-0.006,0.678,-0.001,
00:02:48,281.094,324.902,321.06,376.049,395.548,5.919,-0.002,0.667,-0,
00:02:48,282.034,283.52,280.039,334.096,351.245,5.83,0.001,0.592,0.001,
00:02:48,259.508,249.343,247.172,301.747,318.48,5.365,0.005,0.457,0.002,
00:02:48,225.163,217.995,217.678,273.749,291.278,4.438,0.008,0.293,0.003,
00:02:48,195.908,192.063,194.151,253.133,273.19,3.183,0.011,0.172,0.003,
00:02:48,175.154,174.31,178.884,241.931,265.977,2.213,0.013,0.13,0.003,
00:02:48,161.028,162.975,220.95,238.799,268.667,1.624,0.014,0.115,0.004,
00:02:49,152.579,207.047,220.66,244.129,282.8,1.376,0.016,0.149,0.004,
00:02:49,145.841,205.041,223.597,254.343,305.661,1.49,0.016,0.209,0.004,
00:02:49,191.147,205.002,228.508,267.274,334.108,1.78,0.016,0.264,0.004,
00:02:49,187.018,205.362,235.634,286.588,340.829,2.234,0.016,0.326,0.004,
00:02:49,184.279,206.903,244.32,309.749,314.986,2.662,0.015,0.375,0.004,
00:02:49,180.969,209.186,257.082,306.695,337.138,3.154,0.015,0.426,0.004,
00:02:49,180.583,214.776,275.261,277.272,313.074,3.549,0.015,0.46,0.004,
00:02:49,181.029,223.931,260.556,294.444,382.205,3.869,0.014,0.45,0.004,
00:02:49,186.928,240.666,222.824,262.049,355.085,3.847,0.015,0.402,0.004,
00:02:50,203.461,201.658,239.894,294.212,332.676,3.643,0.015,0.366,0.004,
00:02:50,181.128,203.388,211.388,306.549,314.604,3.434,0.015,0.362,0.004,
00:02:50,156.889,193.759,286.074,289.326,352.607,3.378,0.015,0.379,0.004,
00:02:50,172.031,166.69,262.916,270.97,341.448,3.475,0.015,0.416,0.004,
00:02:50,142.85,237.021,241.249,304.808,331.69,3.676,0.015,0.439,0.004,
00:02:50,211.367,212.417,220.201,289.713,322.702,3.866,0.014,0.464,0.003,
00:02:50,185.132,189.25,251.594,275.247,314.352,4.089,0.013,0.489,0.003,
00:02:50,159.295,165.496,231.842,259.001,303.822,4.264,0.012,0.49,0.003,
00:02:51,138.764,197.701,215.698,245.508,295.289,4.326,0.012,0.486,0.003,
00:02:51,165.504,177.078,196.824,229.369,285.192,4.303,0.012,0.465,0.003,
00:02:51,145.463,158.3,179.606,215.092,278.603,4.238,0.012,0.464,0.003,
00:02:51,128.864,142.446,164.827,202.865,274.571,4.16,0.012,0.436,0.003,
00:02:51,115.364,129.775,153.633,195.519,280.524,3.978,0.012,0.394,0.003,
00:02:51,101.33,116.787,142.932,191.664,304.871,3.673,0.013,0.358,0.003,
00:02:51,91.941,109.201,139.664,202.22,387.606,3.384,0.014,0.344,0.004,
00:02:51,85.085,105.016,142.807,234.203,710.544,3.253,0.015,0.357,0.004,
00:02:51,82.741,107.471,160.23,334.721,1040.179,3.313,0.015,0.396,0.004,
00:02:52,82.478,114.858,199.053,825.181,1120.194,3.553,0.014,0.444,0.004,
00:02:52,88.974,136.807,316.667,991.991,694.329,3.937,0.014,0.518,0.003,
00:02:52,102.013,180.523,769.719,1066.178,508.142,4.501,0.011,0.595,0.002,
00:02:52,122.979,264.184,927.322,1092.983,417.263,5.071,0.009,0.644,0.002,
00:02:52,153.584,429.081,940.922,602.398,363.89,5.521,0.006,0.672,0.001,
00:02:52,186.092,665.369,957.827,526.581,333.756,5.796,0.004,0.683,0.001,
00:02:52,231.104,623.477,919.417,468.833,307.03,5.984,0.003,0.684,0.001,
00:02:52,273.566,587.171,884.986,432.311,288.143,6,0.002,0.681,0,
00:02:52,329.051,738.052,893.79,396.023,267.546,6,0.001,0.678,0,
00:02:53,373.053,702.013,858.152,371.656,252.65,6,0.001,0.68,-0,
00:02:53,410.249,661.015,816.453,351.623,238.834,6,-0.001,0.679,-0,
00:02:53,430.632,625.047,779.229,338.971,228.904,6,-0.001,0.677,-0,
00:02:53,399.703,584.143,687.977,326.934,218.415,6,-0.002,0.674,-0,
00:02:53,357.77,542.318,644.329,721.455,210.618,6,-0.002,0.67,-0,
00:02:53,316.804,501.575,601.82,675.401,205.255,6,-0.002,0.666,-0.001,
00:02:53,274.673,459.895,558.508,628.656,199.986,5.996,-0.002,0.665,-0.001,
00:02:53,236.734,418.25,515.432,582.366,308.165,5.988,-0.002,0.664,-0.001,
00:02:53,240.695,382.558,478.697,543.082,307.236,5.983,-0.002,0.664,-0.001,
00:02:54,237.075,347.851,395.005,505.193,536.736,5.981,-0.002,0.665,-0.001,
00:02:54,235.953,306.122,352.567,460.253,487.598,5.965,-0.002,0.648,-0,
00:02:54,238.112,265.03,311.4,417.544,441.834,5.763,0,0.589,0.001,
00:02:54,233.329,225.342,272.582,378.847,402.03,5.357,0.003,0.502,0.002,
00:02:54,194.748,237.566,286.593,346.497,370.636,4.695,0.007,0.419,0.002,
00:02:54,179.194,207.003,258.709,321.863,348.87,4.18,0.01,0.415,0.003,
00:02:54,179.863,227.666,283.899,301.932,333.223,4.011,0.013,0.446,0.004,
00:02:54,152.001,202.988,263.654,285.914,322.999,4.106,0.014,0.489,0.004,
00:02:54,173.825,229.434,245.022,271.742,315.772,4.37,0.014,0.537,0.004,
00:02:55,196.797,207.114,225.812,256.798,385.232,4.718,0.014,0.579,0.004,
00:02:55,172.522,185.153,206.552,241.852,390.889,5.029,0.014,0.604,0.004,
00:02:55,152.037,166.203,189.633,306.755,402.133,5.264,0.015,0.624,0.004,
00:02:55,128.858,144.249,169.669,303.895,428.501,5.437,0.015,0.611,0.004,
00:02:55,111.953,128.316,235.397,311.693,482.872,5.398,0.015,0.581,0.004,
00:02:55,93.904,111.22,234.781,337.297,632.865,5.298,0.015,0.571,0.004
